<data>
<items>
<noun>অকালকুষ্মাণ্ড</noun>
<noun>অক্কাপ্রাপ্তি</noun>
<noun>অগস্ত্যযাত্রা</noun>
<noun>অঙ্গপ্রত্যঙ্গ</noun>
<adv>অঙ্গাঙ্গিভাবে</adv>
<noun>অঙ্গুলনির্দেশ</noun>
<adv>অচিন্তিতপূর্ব</adv>
<noun>অনধিকারপ্রবেশ</noun>
<noun>অনন্তচতুর্দশী</noun>
<adv>অনুসন্ধানকারী</adv>
<adv>অন্তঃসারশূন্য</adv>
<adv>অন্তরীক্ষচারী</adv>
<adv>অন্তরীক্ষবাসী</adv>
<noun>অন্তর্বাণিজ্য</noun>
<adv>অন্যমনস্কভাবে</adv>
<adv>অন্যান্যরকমের</adv>
<noun>অপ্রকৃতিস্থতা</noun>
<adv>অপ্রাপ্তবয়স্ক</adv>
<noun>অবশ্যম্ভাবিতা</noun>
<noun>অভিব্যক্তিবাদ</noun>
<noun>অর্ধেন্দুমৌলি</noun>
<noun>অর্ধেন্দুশেখর</noun>
<noun>অলংকারশাস্ত্র</noun>
<adv>অশেষতত্ত্বজ্ঞ</adv>
<noun>অসংস্কৃতবাক্য</noun>
<noun>অসহযোগআন্দোলন</noun>
<adv>অসাম্প্রদায়িক</adv>
<adv>অসূর্যম্পশ্যা</adv>
<noun>অস্ত্রচিকিতসক</noun>
<noun>অস্ত্রচিকিতসা</noun>
<adv>অস্থিতিস্থাপক</adv>
<adv>অস্থিপঞ্জরসার</adv>
<adv>অস্থিরসঙ্কল্প</adv>
<noun>অস্বাচ্ছন্দ্য</noun>
<verb>আঁকড়াইতেছিলাম</verb>
<verb>আঁকড়াইতেছিলেন</verb>
<verb>আঁকড়াইয়াছিলাম</verb>
<verb>আঁকড়াইয়াছিলেন</verb>
<verb>আঁচড়াইতেছিলাম</verb>
<verb>আঁচড়াইতেছিলেন</verb>
<verb>আঁচড়াইয়াছিলাম</verb>
<verb>আঁচড়াইয়াছিলেন</verb>
<verb>আঁতকাইতেছিলাম</verb>
<verb>আঁতকাইতেছিলেন</verb>
<verb>আঁতকাইয়াছিলাম</verb>
<verb>আঁতকাইয়াছিলেন</verb>
<noun>আতিথ্যস্বীকার</noun>
<adv>আত্মকেন্দ্রিক</adv>
<adv>আত্মতত্ত্বজ্ঞ</adv>
<adv>আত্মত্যাগকারী</adv>
<noun>আত্মনিয়ন্ত্রণ</noun>
<noun>আত্মপ্রবঙ্চনা</noun>
<adv>আত্মবিকাশকারী</adv>
<adv>আত্মরক্ষাকারী</adv>
<adv>আত্মসম্পর্কীয়</adv>
<adv>আত্মসম্বন্ধীয়</adv>
<adv>আত্মহত্যাকারী</adv>
<noun>আত্মানুসন্ধান</noun>
<adv>আত্মাভিমানিনী</adv>
<adv>আদবকয়দাদোরস্ত</adv>
<adv>আদায়-কাঁচকলায়</adv>
<noun>আপেক্ষিকতাবাদ</noun>
<adv>আবিষ্কারযোগ্য</adv>
<noun>আভিজাতিকচিহ্ন</noun>
<noun>আমমোক্তারনামা</noun>
<adv>আলেখ্যসমর্পিত</adv>
<adv>আশ্চর্যান্বিত</adv>
<adv>আশ্বাসদানকারী</adv>
<adv>আশ্বাসব্যঞ্জক</adv>
<adv>আসমুদ্রহিমাচল</adv>
<noun>ইন্দ্রিয়ক্ষোভ</noun>
<noun>ইন্দ্রিয়গ্রাম</noun>
<adv>ইন্দ্রিয়পরায়ণ</adv>
<noun>ঈশ্বরপ্রাপ্তি</noun>
<noun>উচ্ছিষ্টভক্ষণ</noun>
<noun>উত্তরফাল্গুনী</noun>
<noun>উদ্দেশ্যবিধেয়</noun>
<noun>উদ্বন্ধনরজ্জু</noun>
<noun>উদ্ভিদবিজ্ঞান</noun>
<noun>উদ্ভিদবিজ্ঞান</noun>
<adv>উদ্ভিন্নযৌবনা</adv>
<adv>উপস্থাপয়িত্রী</adv>
<noun>উপস্থিতবুদ্ধি</noun>
<verb>উল্টাইতেছিলাম</verb>
<verb>উল্টাইতেছিলেন</verb>
<verb>উল্টাইয়াছিলাম</verb>
<verb>উল্টাইয়াছিলেন</verb>
<adv>এণ্ডায়-গণ্ডায়</adv>
<adv>ঐশ্বর্যশালিনী</adv>
<adv>ওয়ারেন্টওয়ালা</adv>
<adv>ওয়ারেন্টওয়ালী</adv>
<noun>কর্কটক্রান্তি</noun>
<noun>কর্মপ্রচেষ্টা</noun>
<adv>কল্যাণীয়বরেষু</adv>
<verb>কাঁচাইতেছিলাম</verb>
<verb>কাঁচাইতেছিলেন</verb>
<verb>কাঁচাইয়াছিলাম</verb>
<verb>কাঁচাইয়াছিলেন</verb>
<verb>কাঁদাইতেছিলাম</verb>
<verb>কাঁদাইতেছিলেন</verb>
<verb>কাঁদাইয়াছিলাম</verb>
<verb>কাঁদাইয়াছিলেন</verb>
<noun>কাঁদানে-গ্যাস</noun>
<verb>কাঁপাইতেছিলাম</verb>
<verb>কাঁপাইতেছিলেন</verb>
<verb>কাঁপাইয়াছিলাম</verb>
<verb>কাঁপাইয়াছিলেন</verb>
<adv>কাংস্যনির্মিত</adv>
<noun>কাকজ্যোত্স্না</noun>
<noun>কাঙ্গালীবিদায়</noun>
<adv>কাতারে-কাতারে</adv>
<verb>কাতরাইতেছিলাম</verb>
<verb>কাতরাইতেছিলেন</verb>
<verb>কাতরাইয়াছিলাম</verb>
<verb>কাতরাইয়াছিলেন</verb>
<noun>কামাখ্যাতীর্থ</noun>
<noun>কামিনী-কাঙ্চন</noun>
<verb>কামড়াইতেছিলাম</verb>
<verb>কামড়াইতেছিলেন</verb>
<verb>কামড়াইয়াছিলাম</verb>
<verb>কামড়াইয়াছিলেন</verb>
<adv>কার্যনির্বাহী</adv>
<adv>কিঙ্চিন্মাত্র</adv>
<noun>কিন্তু-কিন্তু</noun>
<verb>কুঁকড়াইতেছিলি</verb>
<verb>কুঁকড়াইতেছিলে</verb>
<verb>কুঁকড়াইয়াছিলি</verb>
<verb>কুঁকড়াইয়াছিলে</verb>
<verb>কুঁকড়িয়েছিলাম</verb>
<verb>কুঁকড়িয়েছিলুম</verb>
<verb>কুঁকড়িয়েছিলেন</verb>
<verb>কুঁকড়িয়েছিলেম</verb>
<verb>কুঁচকাইতেছিলি</verb>
<verb>কুঁচকাইতেছিলে</verb>
<verb>কুঁচকাইয়াছিলি</verb>
<verb>কুঁচকাইয়াছিলে</verb>
<verb>কুঁচকিয়েছিলাম</verb>
<verb>কুঁচকিয়েছিলুম</verb>
<verb>কুঁচকিয়েছিলেন</verb>
<verb>কুঁচকিয়েছিলেম</verb>
<adv>কুবুদ্ধিযুক্ত</adv>
<noun>কুশপুত্তলিদাহ</noun>
<noun>কুশপুত্তলীদাহ</noun>
<adv>কুশাগ্রবুদ্ধি</adv>
<adv>কুসংস্কারমূলক</adv>
<adv>কুসুমাস্তীর্ণ</adv>
<adv>কৃতাঞ্জলিপুটে</adv>
<adv>কৃতার্থম্মন্য</adv>
<noun>কৃষ্ণদ্বৈপায়ন</noun>
<noun>কৃষ্ণপ্রাপ্তি</noun>
<noun>কেন্দ্রবিন্দু</noun>
<verb>কোঁকড়াইতেছিলি</verb>
<verb>কোঁকড়াইতেছিলে</verb>
<verb>কোঁকড়াইয়াছিলি</verb>
<verb>কোঁকড়াইয়াছিলে</verb>
<verb>কোঁকড়াচ্ছিলাম</verb>
<verb>কোঁকড়াচ্ছিলুম</verb>
<verb>কোঁকড়াচ্ছিলেন</verb>
<verb>কোঁকড়াচ্ছিলেম</verb>
<verb>কোঁচাইতেছিলাম</verb>
<verb>কোঁচাইতেছিলেন</verb>
<verb>কোঁচাইয়াছিলাম</verb>
<verb>কোঁচাইয়াছিলেন</verb>
<verb>কোঁচকাইতেছিলি</verb>
<verb>কোঁচকাইতেছিলে</verb>
<verb>কোঁচকাইয়াছিলি</verb>
<verb>কোঁচকাইয়াছিলে</verb>
<verb>কোঁচকাচ্ছিলাম</verb>
<verb>কোঁচকাচ্ছিলুম</verb>
<verb>কোঁচকাচ্ছিলেন</verb>
<verb>কোঁচকাচ্ছিলেম</verb>
<verb>কোঁতাইতেছিলাম</verb>
<verb>কোঁতাইতেছিলেন</verb>
<verb>কোঁতাইয়াছিলাম</verb>
<verb>কোঁতাইয়াছিলেন</verb>
<verb>কোদলাইতেছিলাম</verb>
<verb>কোদলাইতেছিলেন</verb>
<verb>কোদলাইয়াছিলাম</verb>
<verb>কোদলাইয়াছিলেন</verb>
<adj>ক্যাঁক-ক্যাঁক</adj>
<adj>ক্যাঁচরম্যাচর</adj>
<noun>ক্রান্তিবৃত্ত</noun>
<noun>ক্ষারমৃত্তিকা</noun>
<noun>ক্ষিপ্রকারিতা</noun>
<adv>ক্ষিপ্রগামিনী</adv>
<noun>ক্ষুধামান্দ্য</noun>
<noun>ক্ষেত্রস্বামী</noun>
<verb>খণ্ডাইতেছিলাম</verb>
<verb>খণ্ডাইতেছিলেন</verb>
<verb>খণ্ডাইয়াছিলাম</verb>
<verb>খণ্ডাইয়াছিলেন</verb>
<verb>খাওয়াইতেছিলাম</verb>
<verb>খাওয়াইতেছিলেন</verb>
<verb>খাওয়াইয়াছিলাম</verb>
<verb>খাওয়াইয়াছিলেন</verb>
<verb>খাবলাইতেছিলাম</verb>
<verb>খাবলাইতেছিলেন</verb>
<verb>খাবলাইয়াছিলাম</verb>
<verb>খাবলাইয়াছিলেন</verb>
<verb>খামচাইতেছিলাম</verb>
<verb>খামচাইতেছিলেন</verb>
<verb>খামচাইয়াছিলাম</verb>
<verb>খামচাইয়াছিলেন</verb>
<verb>খুবলাইতেছিলাম</verb>
<verb>খুবলাইতেছিলেন</verb>
<verb>খুবলাইয়াছিলাম</verb>
<verb>খুবলাইয়াছিলেন</verb>
<verb>খেঁকাইতেছিলাম</verb>
<verb>খেঁকাইতেছিলেন</verb>
<verb>খেঁকাইয়াছিলাম</verb>
<verb>খেঁকাইয়াছিলেন</verb>
<verb>খেঁচকাইতেছিলি</verb>
<verb>খেঁচকাইতেছিলে</verb>
<verb>খেঁচকাইয়াছিলি</verb>
<verb>খেঁচকাইয়াছিলে</verb>
<verb>খেঁচকাচ্ছিলাম</verb>
<verb>খেঁচকাচ্ছিলুম</verb>
<verb>খেঁচকাচ্ছিলেন</verb>
<verb>খেঁচকাচ্ছিলেম</verb>
<verb>খোঁচাইতেছিলাম</verb>
<verb>খোঁচাইতেছিলেন</verb>
<verb>খোঁচাইয়াছিলাম</verb>
<verb>খোঁচাইয়াছিলেন</verb>
<verb>খোঁড়াইতেছিলাম</verb>
<verb>খোঁড়াইতেছিলেন</verb>
<verb>খোঁড়াইয়াছিলাম</verb>
<verb>খোঁড়াইয়াছিলেন</verb>
<verb>খোবলাইতেছিলাম</verb>
<verb>খোবলাইতেছিলেন</verb>
<verb>খোবলাইয়াছিলাম</verb>
<verb>খোবলাইয়াছিলেন</verb>
<noun>গঙ্গাপ্রাপ্তি</noun>
<noun>গন্ধর্ববিদ্যা</noun>
<verb>গর্জাইতেছিলাম</verb>
<verb>গর্জাইতেছিলেন</verb>
<verb>গর্জাইয়াছিলাম</verb>
<verb>গর্জাইয়াছিলেন</verb>
<verb>গর্জাইতেছিলাম</verb>
<verb>গর্জাইতেছিলেন</verb>
<verb>গর্জাইয়াছিলাম</verb>
<verb>গর্জাইয়াছিলেন</verb>
<adv>গললগ্নীকৃতবাস</adv>
<verb>গাঁজাইতেছিলাম</verb>
<verb>গাঁজাইতেছিলেন</verb>
<verb>গাঁজাইয়াছিলাম</verb>
<verb>গাঁজাইয়াছিলেন</verb>
<noun>গাড়ি-বারান্দা</noun>
<noun>গাত্রানুলেপনী</noun>
<verb>গুঁড়াইতেছিলাম</verb>
<verb>গুঁড়াইতেছিলেন</verb>
<verb>গুঁড়াইয়াছিলাম</verb>
<verb>গুঁড়াইয়াছিলেন</verb>
<verb>গুঁতাইতেছিলাম</verb>
<verb>গুঁতাইতেছিলেন</verb>
<verb>গুঁতাইয়াছিলাম</verb>
<verb>গুঁতাইয়াছিলেন</verb>
<verb>গুজরাইতেছিলাম</verb>
<verb>গুজরাইতেছিলেন</verb>
<verb>গুজরাইয়াছিলাম</verb>
<verb>গুজরাইয়াছিলেন</verb>
<verb>গুমরাইতেছিলাম</verb>
<verb>গুমরাইতেছিলেন</verb>
<verb>গুমরাইয়াছিলাম</verb>
<verb>গুমরাইয়াছিলেন</verb>
<adv>গুরুনিতম্বিনী</adv>
<adv>গেঁট্টাগোঁট্ট</adv>
<adv>গোঁয়ারগোবিন্দ</adv>
<noun>গোচারণক্ষেত্র</noun>
<noun>ঘটনাদুর্বিপাক</noun>
<adv>ঘর্মাক্তকলেবর</adv>
<verb>ঘষ্টাইতেছিলাম</verb>
<verb>ঘষ্টাইতেছিলেন</verb>
<verb>ঘষ্টাইয়াছিলাম</verb>
<verb>ঘষ্টাইয়াছিলেন</verb>
<verb>ঘাঁটাইতেছিলাম</verb>
<verb>ঘাঁটাইতেছিলেন</verb>
<verb>ঘাঁটাইয়াছিলাম</verb>
<verb>ঘাঁটাইয়াছিলেন</verb>
<verb>ঘাবড়াইতেছিলাম</verb>
<verb>ঘাব্ড়াইতেছিলে</verb>
<verb>ঘাবড়াইতেছিলেন</verb>
<verb>ঘাবড়াইয়াছিলাম</verb>
<verb>ঘাবড়াইয়াছিলেন</verb>
<adj>ঘ্যানর-ঘ্যানর</adj>
<noun>ঘ্রাণেন্দ্রিয়</noun>
<noun>চক্রবৃদ্ধিহার</noun>
<noun>চক্ষুরুন্মীলন</noun>
<noun>চড়কসংক্রান্তি</noun>
<adv>চতুঃসপ্ততিতমী</adv>
<adv>চতুর্বিংশতিতম</adv>
<adv>চত্বারিংশত্তম</adv>
<noun>চন্দ্রমল্লিকা</noun>
<noun>চরিত্র-চিত্রণ</noun>
<adv>চর্মসম্বন্ধীয়</adv>
<adv>চাঁদাআদায়কারী</adv>
<adv>চাকচিক্যবিহীন</adv>
<verb>চাপড়াইতেছিলাম</verb>
<verb>চাপড়াইতেছিলেন</verb>
<verb>চাপড়াইয়াছিলাম</verb>
<verb>চাপড়াইয়াছিলেন</verb>
<verb>চাবকাইতেছিলাম</verb>
<verb>চাবকাইতেছিলেন</verb>
<verb>চাবকাইয়াছিলাম</verb>
<verb>চাবকাইয়াছিলেন</verb>
<noun>চিকিতসাতন্ত্র</noun>
<noun>চিকিতসাবিদ্যা</noun>
<noun>চিত্তচাঙ্চল্য</noun>
<verb>চিপটাইতেছিলাম</verb>
<verb>চিপটাইতেছিলেন</verb>
<verb>চিপটাইয়াছিলাম</verb>
<verb>চিপটাইয়াছিলেন</verb>
<verb>চিমটাইতেছিলাম</verb>
<verb>চিমটাইতেছিলেন</verb>
<verb>চিমটাইয়াছিলাম</verb>
<verb>চিমটাইয়াছিলেন</verb>
<verb>চিমসাইতেছিলাম</verb>
<verb>চিমসাইতেছিলেন</verb>
<verb>চিমসাইয়াছিলাম</verb>
<verb>চিমসাইয়াছিলেন</verb>
<verb>চুপসাইতেছিলাম</verb>
<verb>চুপসাইতেছিলেন</verb>
<verb>চুপসাইয়াছিলাম</verb>
<verb>চুপসাইয়াছিলেন</verb>
<verb>চুমরাইতেছিলাম</verb>
<verb>চুমরাইতেছিলেন</verb>
<verb>চুমরাইয়াছিলাম</verb>
<verb>চুমরাইয়াছিলেন</verb>
<verb>চুলকাইতেছিলাম</verb>
<verb>চুলকাইতেছিলেন</verb>
<verb>চুলকাইয়াছিলাম</verb>
<verb>চুলকাইয়াছিলেন</verb>
<verb>চেঁচাইতেছিলাম</verb>
<verb>চেঁচাইতেছিলেন</verb>
<verb>চেঁচাইয়াছিলাম</verb>
<verb>চেঁচাইয়াছিলেন</verb>
<verb>চেপটাইতেছিলাম</verb>
<verb>চেপটাইতেছিলেন</verb>
<verb>চেপটাইয়াছিলাম</verb>
<verb>চেপটাইয়াছিলেন</verb>
<noun>ছন্দানুবৃত্তি</noun>
<verb>ছিটকাইতেছিলাম</verb>
<verb>ছিটকাইতেছিলেন</verb>
<verb>ছিটকাইয়াছিলাম</verb>
<verb>ছিটকাইয়াছিলেন</verb>
<verb>ছুবলাইতেছিলাম</verb>
<verb>ছুবলাইতেছিলেন</verb>
<verb>ছুবলাইয়াছিলাম</verb>
<verb>ছুবলাইয়াছিলেন</verb>
<verb>ছোঁচাইতেছিলাম</verb>
<verb>ছোঁচাইতেছিলেন</verb>
<verb>ছোঁচাইয়াছিলাম</verb>
<verb>ছোঁচাইয়াছিলেন</verb>
<verb>ছোঁয়াইতেছিলাম</verb>
<verb>ছোঁয়াইতেছিলেন</verb>
<verb>ছোঁয়াইয়াছিলাম</verb>
<verb>ছোঁয়াইয়াছিলেন</verb>
<verb>ছোবলাইতেছিলাম</verb>
<verb>ছোবলাইতেছিলেন</verb>
<verb>ছোবলাইয়াছিলাম</verb>
<verb>ছোবলাইয়াছিলেন</verb>
<noun>জন্মজন্মান্তর</noun>
<verb>জন্মাইতেছিলাম</verb>
<verb>জন্মাইতেছিলেন</verb>
<verb>জন্মাইয়াছিলাম</verb>
<verb>জন্মাইয়াছিলেন</verb>
<adv>জন্মাবচ্ছিন্ন</adv>
<adv>জাতিসম্বন্ধীয়</adv>
<verb>জাপটাইতেছিলাম</verb>
<verb>জাপটাইতেছিলেন</verb>
<verb>জাপটাইয়াছিলাম</verb>
<verb>জাপটাইয়াছিলেন</verb>
<noun>জিতেন্দ্রিয়তা</noun>
<noun>জীবনবৃত্তান্ত</noun>
<noun>জীবিকানির্বাহ</noun>
<noun>জ্ঞাতিকুটুম্ব</noun>
<noun>জ্ঞাতিসম্বন্ধ</noun>
<noun>জ্ঞানেন্দ্রিয়</noun>
<verb>জ্বলাইতেছিলাম</verb>
<verb>জ্বলাইতেছিলেন</verb>
<verb>জ্বলাইয়াছিলাম</verb>
<verb>জ্বলাইয়াছিলেন</verb>
<verb>জ্বালাইতেছিলি</verb>
<verb>জ্বালাইতেছিলে</verb>
<verb>জ্বালাইয়াছিলি</verb>
<verb>জ্বালাইয়াছিলে</verb>
<verb>জ্বালাচ্ছিলাম</verb>
<verb>জ্বালাচ্ছিলুম</verb>
<verb>জ্বালাচ্ছিলেন</verb>
<verb>জ্বালাচ্ছিলেম</verb>
<verb>জ্বালিতেছিলাম</verb>
<verb>জ্বালিতেছিলেন</verb>
<verb>জ্বালিয়াছিলাম</verb>
<verb>জ্বালিয়াছিলেন</verb>
<verb>জ্বালিয়েছিলাম</verb>
<verb>জ্বালিয়েছিলুম</verb>
<verb>জ্বালিয়েছিলেন</verb>
<verb>জ্বালিয়েছিলেম</verb>
<noun>জ্যেষ্ঠাধিকার</noun>
<noun>জ্যোতির্মণ্ডল</noun>
<noun>জ্যোতিষ্মত্তা</noun>
<verb>ঝাঁকাইতেছিলাম</verb>
<verb>ঝাঁকাইতেছিলেন</verb>
<verb>ঝাঁকাইয়াছিলাম</verb>
<verb>ঝাঁকাইয়াছিলেন</verb>
<verb>ঝাঁটাইতেছিলাম</verb>
<verb>ঝাঁটাইতেছিলেন</verb>
<verb>ঝাঁটাইয়াছিলাম</verb>
<verb>ঝাঁটাইয়াছিলেন</verb>
<verb>ঝাঁপাইতেছিলাম</verb>
<verb>ঝাঁপাইতেছিলেন</verb>
<verb>ঝাঁপাইয়াছিলাম</verb>
<verb>ঝাঁপাইয়াছিলেন</verb>
<verb>ঝামরাইতেছিলাম</verb>
<verb>ঝামরাইতেছিলেন</verb>
<verb>ঝামরাইয়াছিলাম</verb>
<verb>ঝামরাইয়াছিলেন</verb>
<verb>টাঙ্গাইতেছিলি</verb>
<verb>টাঙ্গাইতেছিলে</verb>
<verb>টাঙ্গাইয়াছিলি</verb>
<verb>টাঙ্গাইয়াছিলে</verb>
<verb>টাঙ্গাচ্ছিলাম</verb>
<verb>টাঙ্গাচ্ছিলুম</verb>
<verb>টাঙ্গাচ্ছিলেন</verb>
<verb>টাঙ্গাচ্ছিলেম</verb>
<verb>টাঙ্গিয়েছিলাম</verb>
<verb>টাঙ্গিয়েছিলুম</verb>
<verb>টাঙ্গিয়েছিলেন</verb>
<verb>টাঙ্গিয়েছিলেম</verb>
<verb>ঠাওরাইতেছিলাম</verb>
<verb>ঠাওরাইতেছিলেন</verb>
<verb>ঠাওরাইয়াছিলাম</verb>
<verb>ঠাওরাইয়াছিলেন</verb>
<verb>ঠেঙ্গাইতেছিলি</verb>
<verb>ঠেঙ্গাইতেছিলে</verb>
<verb>ঠেঙ্গাইয়াছিলি</verb>
<verb>ঠেঙ্গাইয়াছিলে</verb>
<verb>ঠেঙ্গাচ্ছিলাম</verb>
<verb>ঠেঙ্গাচ্ছিলুম</verb>
<verb>ঠেঙ্গাচ্ছিলেন</verb>
<verb>ঠেঙ্গাচ্ছিলেম</verb>
<verb>ঠেঙ্গিয়েছিলাম</verb>
<verb>ঠেঙ্গিয়েছিলুম</verb>
<verb>ঠেঙ্গিয়েছিলেন</verb>
<verb>ঠেঙ্গিয়েছিলেম</verb>
<verb>ডিঙ্গাইতেছিলি</verb>
<verb>ডিঙ্গাইতেছিলে</verb>
<verb>ডিঙ্গাইয়াছিলি</verb>
<verb>ডিঙ্গাইয়াছিলে</verb>
<verb>ডিঙ্গিয়েছিলাম</verb>
<verb>ডিঙ্গিয়েছিলুম</verb>
<verb>ডিঙ্গিয়েছিলেন</verb>
<verb>ডিঙ্গিয়েছিলেম</verb>
<verb>ডুকরাইতেছিলাম</verb>
<verb>ডুকরাইতেছিলেন</verb>
<verb>ডুকরাইয়াছিলাম</verb>
<verb>ডুকরাইয়াছিলেন</verb>
<noun>ঢাকঢাক-গুড়গুড়</noun>
<adv>তড়িচ্চুম্বকীয়</adv>
<adv>তড়িত-অপরিবাহী</adv>
<adv>তড়িত্-পরিবাহী</adv>
<noun>তত্ত্বদর্শিতা</noun>
<noun>তথ্যানুসন্ধান</noun>
<adv>তদ্ব্যতিরিক্ত</adv>
<adv>তন্দ্রাচ্ছন্ন</adv>
<adv>তমোগুণসম্পন্ন</adv>
<noun>তরঙ্গোচ্ছ্বাস</noun>
<noun>তর্জনীনির্দেশ</noun>
<verb>তর্জাইতেছিলাম</verb>
<verb>তর্জাইতেছিলেন</verb>
<verb>তর্জাইয়াছিলাম</verb>
<verb>তর্জাইয়াছিলেন</verb>
<verb>তিষ্ঠাইতেছিলি</verb>
<verb>তিষ্ঠাইতেছিলে</verb>
<verb>তিষ্ঠাইয়াছিলি</verb>
<verb>তিষ্ঠাইয়াছিলে</verb>
<noun>তীর্থপরিক্রমা</noun>
<noun>তুচ্ছতাচ্ছল্য</noun>
<adv>তুচ্ছাতিতুচ্ছ</adv>
<verb>তুবড়াইতেছিলাম</verb>
<verb>তুবড়াইতেছিলেন</verb>
<verb>তুবড়াইয়াছিলাম</verb>
<verb>তুবড়াইয়াছিলেন</verb>
<adv>ত্যক্তসর্বস্ব</adv>
<adv>ত্রয়ঃষষ্টিতমী</adv>
<adv>ত্রয়ঃসপ্ততিতম</adv>
<adv>ত্রয়োবিংশতিতম</adv>
<adv>ত্রিকালব্যাপী</adv>
<noun>ত্রিবেণীসঙ্গম</noun>
<adv>ত্রিশূলধারিণী</adv>
<adv>ত্রিসপ্ততিতমী</adv>
<adv>থাকিয়া-থাকিয়া</adv>
<verb>থাকড়াইতেছিলাম</verb>
<verb>থাকড়াইতেছিলেন</verb>
<verb>থাকড়াইয়াছিলাম</verb>
<verb>থাকড়াইয়াছিলেন</verb>
<verb>থুবড়াইতেছিলাম</verb>
<verb>থুবড়াইতেছিলেন</verb>
<verb>থুবড়াইয়াছিলাম</verb>
<verb>থুবড়াইয়াছিলেন</verb>
<verb>থেঁতলাইতেছিলি</verb>
<verb>থেঁতলাইতেছিলে</verb>
<verb>থেঁতলাইয়াছিলি</verb>
<verb>থেঁতলাইয়াছিলে</verb>
<verb>থেঁতলাচ্ছিলাম</verb>
<verb>থেঁতলাচ্ছিলুম</verb>
<verb>থেঁতলাচ্ছিলেন</verb>
<verb>থেঁতলাচ্ছিলেম</verb>
<verb>থেবড়াইতেছিলাম</verb>
<verb>থেবড়াইতেছিলেন</verb>
<verb>থেবড়াইয়াছিলাম</verb>
<verb>থেবড়াইয়াছিলেন</verb>
<noun>দক্ষিণায়নান্ত</noun>
<verb>দগ্ধাইতেছিলাম</verb>
<verb>দগ্ধাইতেছিলেন</verb>
<verb>দগ্ধাইয়াছিলাম</verb>
<verb>দগ্ধাইয়াছিলেন</verb>
<adv>দণ্ডবিধানকারী</adv>
<adv>দর্শনপ্রার্থী</adv>
<noun>দর্শনেন্দ্রিয়</noun>
<verb>দর্শাইতেছিলাম</verb>
<verb>দর্শাইতেছিলেন</verb>
<verb>দর্শাইয়াছিলাম</verb>
<verb>দর্শাইয়াছিলেন</verb>
<verb>দাঁড়াইতেছিলাম</verb>
<verb>দাঁড়াইতেছিলেন</verb>
<verb>দাঁড়াইয়াছিলাম</verb>
<verb>দাঁড়াইয়াছিলেন</verb>
<adv>দিগন্তপ্রসারী</adv>
<adv>দীক্ষাদানকারী</adv>
<noun>দীর্ঘনিঃশ্বাস</noun>
<adv>দুগ্ধদোহনকারী</adv>
<noun>দুন্দুভিধ্বনি</noun>
<noun>দুন্দুভিনিনাদ</noun>
<noun>দুন্দুভিবাদ্য</noun>
<verb>দুমড়াইতেছিলাম</verb>
<verb>দুমড়াইতেছিলেন</verb>
<verb>দুমড়াইয়াছিলাম</verb>
<verb>দুমড়াইয়াছিলেন</verb>
<adv>দুরতিক্রমণীয়া</adv>
<adv>দুর্গতিনাশিনী</adv>
<adv>দুর্দশাগ্রস্ত</adv>
<adv>দুর্ভাগ্যদায়ক</adv>
<noun>দুর্মূল্যভাতা</noun>
<adv>দুষ্কার্যকারী</adv>
<noun>দুষ্প্রবৃত্তি</noun>
<noun>দুষ্প্রাপ্যতা</noun>
<adv>দূর্বাদলশ্যাম</adv>
<noun>দৃষ্টান্তস্থল</noun>
<verb>দেওয়াইতেছিলাম</verb>
<verb>দেওয়াইতেছিলেন</verb>
<verb>দেওয়াইয়াছিলাম</verb>
<verb>দেওয়াইয়াছিলেন</verb>
<noun>দেবীমাহাত্ম্য</noun>
<adv>দৈবদুর্বিপাকে</adv>
<noun>দ্বন্দ্বযুদ্ধ</noun>
<adv>দ্বাচত্বারিংশ</adv>
<adv>দ্বাবিংশতিতমী</adv>
<adv>দ্বাসপ্ততিতমী</adv>
<adv>দ্বিসপ্ততিতমী</adv>
<noun>দ্রব্যসামগ্রী</noun>
<adv>ধন্যবাদজ্ঞাপক</adv>
<noun>ধন্যবাদজ্ঞাপন</noun>
<adv>ধর্মচর্যাকারী</adv>
<adv>ধর্মরক্ষাকারী</adv>
<verb>ধামসাইতেছিলাম</verb>
<verb>ধামসাইতেছিলেন</verb>
<verb>ধামসাইয়াছিলাম</verb>
<verb>ধামসাইয়াছিলেন</verb>
<verb>ধেবড়াইতেছিলাম</verb>
<verb>ধেবড়াইতেছিলেন</verb>
<verb>ধেবড়াইয়াছিলাম</verb>
<verb>ধেবড়াইয়াছিলেন</verb>
<noun>নক্ষত্রবিদ্যা</noun>
<noun>নাকানি-চুবানি</noun>
<noun>নাকানি-চোবানি</noun>
<verb>নিংড়াইতেছিলাম</verb>
<verb>নিংড়াইতেছিলেন</verb>
<verb>নিংড়াইয়াছিলাম</verb>
<verb>নিংড়াইয়াছিলেন</verb>
<noun>নিবৃত্তিমার্গ</noun>
<adv>নিমন্ত্রণকারী</adv>
<adv>নিয়ন্ত্রণকারী</adv>
<adv>নিয়ন্ত্রণাধীন</adv>
<adv>নিয়মতান্ত্রিক</adv>
<noun>নিরবচ্ছিন্নতা</noun>
<adv>নৃমুণ্ডমালিনী</adv>
<verb>নেংচাইতেছিলাম</verb>
<verb>নেংচাইতেছিলেন</verb>
<verb>নেংচাইয়াছিলাম</verb>
<verb>নেংচাইয়াছিলেন</verb>
<adv>পঙ্চবিংশতিতমী</adv>
<adv>পথনির্দেশকারী</adv>
<noun>পদার্থবিজ্ঞান</noun>
<adv>পরভাগ্যোপজীবী</adv>
<noun>পরমতসহিষ্ণুতা</noun>
<noun>পরমার্থচিন্তা</noun>
<noun>পরলোকপ্রাপ্তি</noun>
<noun>পরাক্রমশালিতা</noun>
<noun>পরিণামদর্শিতা</noun>
<adv>পরিপ্রেক্ষিতে</adv>
<adv>পরীক্ষার্থিনী</adv>
<noun>পর্যবেক্ষণিকা</noun>
<noun>পল্লবগ্রাহিতা</noun>
<verb>পস্তাইতেছিলাম</verb>
<verb>পস্তাইতেছিলেন</verb>
<verb>পস্তাইয়াছিলাম</verb>
<verb>পস্তাইয়াছিলেন</verb>
<verb>পাওয়াইতেছিলাম</verb>
<verb>পাওয়াইতেছিলেন</verb>
<verb>পাওয়াইয়াছিলাম</verb>
<verb>পাওয়াইয়াছিলেন</verb>
<verb>পাকলাইতেছিলাম</verb>
<verb>পাকলাইতেছিলেন</verb>
<verb>পাকলাইয়াছিলাম</verb>
<verb>পাকলাইয়াছিলেন</verb>
<adv>পাঙ্চবার্ষিকী</adv>
<verb>পাছড়াইতেছিলাম</verb>
<verb>পাছড়াইতেছিলেন</verb>
<verb>পাছড়াইয়াছিলাম</verb>
<verb>পাছড়াইয়াছিলেন</verb>
<adv>পাণ্ডব-বর্জিত</adv>
<adv>পারিপার্শ্বিক</adv>
<verb>পালটাইতেছিলাম</verb>
<verb>পালটাইতেছিলেন</verb>
<verb>পালটাইয়াছিলাম</verb>
<verb>পালটাইয়াছিলেন</verb>
<verb>পিছলাইতেছিলাম</verb>
<verb>পিছলাইতেছিলেন</verb>
<verb>পিছলাইয়াছিলাম</verb>
<verb>পিছলাইয়াছিলেন</verb>
<verb>পুঁছাইতেছিলাম</verb>
<verb>পুঁছাইতেছিলেন</verb>
<verb>পুঁছাইয়াছিলাম</verb>
<verb>পুঁছাইয়াছিলেন</verb>
<adv>পুঙ্খানুপুঙ্খ</adv>
<adv>পুণ্যকর্মকারী</adv>
<noun>পুত্তলিকাপূজা</noun>
<noun>পুরস্কারবিতরণ</noun>
<adv>পুরাতাত্ত্বিক</adv>
<adv>পুষ্টিদানকারী</adv>
<noun>পুষ্যানক্ষত্র</noun>
<noun>পুষ্যিপুত্তুর</noun>
<noun>পৃষ্ঠপ্রদর্শন</noun>
<verb>পেঁচাইতেছিলাম</verb>
<verb>পেঁচাইতেছিলেন</verb>
<verb>পেঁচাইয়াছিলাম</verb>
<verb>পেঁচাইয়াছিলেন</verb>
<verb>পৌঁছাইতেছিলাম</verb>
<verb>পৌঁছাইতেছিলেন</verb>
<verb>পৌঁছাইয়াছিলাম</verb>
<verb>পৌঁছাইয়াছিলেন</verb>
<noun>পৌষ্টিকতন্ত্র</noun>
<noun>প্যানপ্যানানি</noun>
<noun>প্যানপ্যানানো</noun>
<adv>প্রতাপসম্পন্ন</adv>
<adv>প্রতিজ্ঞাকারী</adv>
<noun>প্রতিজ্ঞাপত্র</noun>
<noun>প্রতিজ্ঞাপালন</noun>
<adv>প্রতিজ্ঞাবদ্ধ</adv>
<noun>প্রতিজ্ঞাভঙ্গ</noun>
<noun>প্রতিদ্বন্দ্ব</noun>
<adv>প্রতিপত্তিশীল</adv>
<adv>প্রতিপাদনকারী</adv>
<adv>প্রতিপালনকারী</adv>
<noun>প্রতিবাদীপক্ষ</noun>
<adv>প্রতিবেদনকারী</adv>
<adv>প্রতিমুহূর্তে</adv>
<adv>প্রতিষ্ঠাকারী</adv>
<adv>প্রতিষ্ঠাত্রী</adv>
<adv>প্রতীক্ষাকারী</adv>
<adv>প্রতীক্ষ্যমাণ</adv>
<adv>প্রত্যক্ষকারী</adv>
<adv>প্রত্যক্ষগোচর</adv>
<noun>প্রত্যক্ষীকরণ</noun>
<adv>প্রত্যক্ষীকৃত</adv>
<adv>প্রত্যক্ষীভূত</adv>
<adv>প্রত্যাবৃত্তা</adv>
<noun>প্রত্যাবৃত্তি</noun>
<adv>প্রত্যুপকর্তা</adv>
<adv>প্রদক্ষিণকারী</adv>
<noun>প্রধানমন্ত্রী</noun>
<adv>প্রবঙ্চনাকারী</adv>
<noun>প্রবালপ্রাচীর</noun>
<adv>প্রমাণসাপেক্ষ</adv>
<noun>প্রশ্নকর্ত্রী</noun>
<adv>প্রস্তুতকর্তা</adv>
<adv>প্রাগৈতিহাসিক</adv>
<noun>প্রাতঃসন্ধ্যা</noun>
<adv>প্রাতঃস্মরণীয়</adv>
<adv>প্রাপ্তিযোগ্য</adv>
<noun>প্রীতিসম্ভাষণ</noun>
<noun>প্রোষিতপত্নীক</noun>
<verb>ফাঁপাইতেছিলাম</verb>
<verb>ফাঁপাইতেছিলেন</verb>
<verb>ফাঁপাইয়াছিলাম</verb>
<verb>ফাঁপাইয়াছিলেন</verb>
<verb>ফাঁসাইতেছিলাম</verb>
<verb>ফাঁসাইতেছিলেন</verb>
<verb>ফাঁসাইয়াছিলাম</verb>
<verb>ফাঁসাইয়াছিলেন</verb>
<verb>ফুসলাইতেছিলাম</verb>
<verb>ফুসলাইতেছিলেন</verb>
<verb>ফুসলাইয়াছিলাম</verb>
<verb>ফুসলাইয়াছিলেন</verb>
<verb>ফোঁপাইতেছিলাম</verb>
<verb>ফোঁপাইতেছিলেন</verb>
<verb>ফোঁপাইয়াছিলাম</verb>
<verb>ফোঁপাইয়াছিলেন</verb>
<adv>বন্ধুত্বপূর্ণ</adv>
<verb>বর্তাইতেছিলাম</verb>
<verb>বর্তাইতেছিলেন</verb>
<verb>বর্তাইয়াছিলাম</verb>
<verb>বর্তাইয়াছিলেন</verb>
<noun>বর্ষপ্রতিবন্ধ</noun>
<noun>বশ্যতাস্বীকার</noun>
<adv>বস্তুতন্ত্রীয়</adv>
<noun>বস্ত্রকুট্টিম</noun>
<verb>বাঁকাইতেছিলাম</verb>
<verb>বাঁকাইতেছিলেন</verb>
<verb>বাঁকাইয়াছিলাম</verb>
<verb>বাঁকাইয়াছিলেন</verb>
<verb>বাঁচাইতেছিলাম</verb>
<verb>বাঁচাইতেছিলেন</verb>
<verb>বাঁচাইয়াছিলাম</verb>
<verb>বাঁচাইয়াছিলেন</verb>
<verb>বাঁধাইতেছিলাম</verb>
<verb>বাঁধাইতেছিলেন</verb>
<verb>বাঁধাইয়াছিলাম</verb>
<verb>বাঁধাইয়াছিলেন</verb>
<noun>বাক্যস্ফূর্তি</noun>
<noun>বাঞ্ছাকল্পতরু</noun>
<verb>বাতলাইতেছিলাম</verb>
<verb>বাতলাইতেছিলেন</verb>
<verb>বাতলাইয়াছিলাম</verb>
<verb>বাতলাইয়াছিলেন</verb>
<noun>বাহ্যেন্দ্রিয়</noun>
<verb>বিঁধাইতেছিলাম</verb>
<verb>বিঁধাইতেছিলেন</verb>
<verb>বিঁধাইয়াছিলাম</verb>
<verb>বিঁধাইয়াছিলেন</verb>
<adv>বিকৃতমস্তিষ্ক</adv>
<noun>বিকেন্দ্রীকরণ</noun>
<verb>বিগড়াইতেছিলাম</verb>
<verb>বিগড়াইতেছিলেন</verb>
<verb>বিগড়াইয়াছিলাম</verb>
<verb>বিগড়াইয়াছিলেন</verb>
<noun>বিজ্ঞানশিক্ষা</noun>
<noun>বিদেশপরিক্রমা</noun>
<noun>বিদ্বেষবুদ্ধি</noun>
<adv>বিদ্ব্যুদ্বান</adv>
<adv>বিদ্যাদানকারী</adv>
<noun>বিদ্যুতকটাক্ষ</noun>
<noun>বিদ্যুতস্ফুরণ</noun>
<adv>বিদ্যুদ্দীপ্ত</adv>
<noun>বিদ্যুদ্বিকাশ</noun>
<adv>বিদ্যোতসাহিনী</adv>
<adv>বিন্ধ্যবাসিনী</adv>
<noun>বিবাদ-বিসংবাদ</noun>
<noun>বিবাহবার্ষিকী</noun>
<adv>বিমানবিধ্বংসী</adv>
<noun>বিমৃশ্যকারিতা</noun>
<noun>বিমৃষ্যকারিতা</noun>
<noun>বিশ্ববিদ্যালয়</noun>
<adv>বিশ্ববিমোহিনী</adv>
<noun>বিশ্বাসঘাতকতা</noun>
<adv>বিশ্বাসঘাতিকা</adv>
<adv>বিশ্বাসঘাতিনী</adv>
<adv>বিস্ময়োতফুল্ল</adv>
<adv>বীণাবিনিন্দিত</adv>
<adv>বুদ্ধিগ্রাহ্য</adv>
<noun>বুদ্ধিচাতুর্য</noun>
<noun>বুদ্ধীন্দ্রিয়</noun>
<noun>বৃদ্ধাঙ্গুষ্ঠ</noun>
<noun>ব্যক্তিতন্ত্র</noun>
<adv>ব্যাখ্যাকর্তা</adv>
<noun>ভক্তিবিহ্বলতা</noun>
<adv>ভক্ষ্যাভক্ষ্য</adv>
<noun>ভবিষ্যদ্বক্তা</noun>
<verb>ভাঁড়াইতেছিলাম</verb>
<verb>ভাঁড়াইতেছিলেন</verb>
<verb>ভাঁড়াইয়াছিলাম</verb>
<verb>ভাঁড়াইয়াছিলেন</verb>
<noun>ভাগ্যবিধাত্রী</noun>
<adv>ভাঙ্গা-ভাঙ্গা</adv>
<verb>ভাঙ্গাইতেছিলি</verb>
<verb>ভাঙ্গাইতেছিলে</verb>
<verb>ভাঙ্গাইয়াছিলি</verb>
<verb>ভাঙ্গাইয়াছিলে</verb>
<verb>ভাঙ্গাচ্ছিলাম</verb>
<verb>ভাঙ্গাচ্ছিলুম</verb>
<verb>ভাঙ্গাচ্ছিলেন</verb>
<verb>ভাঙ্গাচ্ছিলেম</verb>
<verb>ভাঙ্গিতেছিলাম</verb>
<verb>ভাঙ্গিতেছিলেন</verb>
<verb>ভাঙ্গিয়াছিলাম</verb>
<verb>ভাঙ্গিয়াছিলেন</verb>
<verb>ভাঙ্গিয়েছিলাম</verb>
<verb>ভাঙ্গিয়েছিলুম</verb>
<verb>ভাঙ্গিয়েছিলেন</verb>
<verb>ভাঙ্গিয়েছিলেম</verb>
<verb>ভালবাসিতেছিলি</verb>
<verb>ভালবাসিতেছিলে</verb>
<verb>ভালবাসিয়াছিলি</verb>
<verb>ভালবাসিয়াছিলে</verb>
<adv>ভাষাতাত্ত্বিক</adv>
<adv>ভিক্ষোপজীবিনী</adv>
<noun>ভিত্তিপ্রস্তর</noun>
<noun>ভূম্যধিকারিণী</noun>
<verb>ভেংচাইতেছিলাম</verb>
<verb>ভেংচাইতেছিলেন</verb>
<verb>ভেংচাইয়াছিলাম</verb>
<verb>ভেংচাইয়াছিলেন</verb>
<verb>ভেঙ্গাইতেছিলি</verb>
<verb>ভেঙ্গাইতেছিলে</verb>
<verb>ভেঙ্গাইয়াছিলি</verb>
<verb>ভেঙ্গাইয়াছিলে</verb>
<verb>ভেঙ্গাচ্ছিলাম</verb>
<verb>ভেঙ্গাচ্ছিলুম</verb>
<verb>ভেঙ্গাচ্ছিলেন</verb>
<verb>ভেঙ্গাচ্ছিলেম</verb>
<verb>ভেঙ্গিয়েছিলাম</verb>
<verb>ভেঙ্গিয়েছিলুম</verb>
<verb>ভেঙ্গিয়েছিলেন</verb>
<verb>ভেঙ্গিয়েছিলেম</verb>
<verb>ভেস্তাইতেছিলি</verb>
<verb>ভেস্তাইতেছিলে</verb>
<verb>ভেস্তাইয়াছিলি</verb>
<verb>ভেস্তাইয়াছিলে</verb>
<verb>ভেস্তাচ্ছিলাম</verb>
<verb>ভেস্তাচ্ছিলুম</verb>
<verb>ভেস্তাচ্ছিলেন</verb>
<verb>ভেস্তাচ্ছিলেম</verb>
<noun>ভ্রাতুষ্পুত্র</noun>
<adv>ভ্রাতৃস্থানীয়</adv>
<noun>মকরসংক্রান্তি</noun>
<noun>মতস্যকরণ্ডিকা</noun>
<adv>মন্ত্রদ্রষ্টা</adv>
<noun>মন্দাক্রান্তা</noun>
<adv>মর্যাদাহানিকর</adv>
<noun>মস্তিষ্কচালনা</noun>
<noun>মহামহোপাধ্যায়</noun>
<verb>মাঙ্গিতেছিলাম</verb>
<verb>মাঙ্গিতেছিলেন</verb>
<verb>মাঙ্গিয়াছিলাম</verb>
<verb>মাঙ্গিয়াছিলেন</verb>
<adv>মাত্রাতিরিক্ত</adv>
<noun>মামলামোকদ্দমা</noun>
<adv>মারমার-কাটকাট</adv>
<adv>মার্জিতবুদ্ধি</adv>
<noun>মাহেন্দ্রক্ষণ</noun>
<adv>মিনিটে-মিনিটে</adv>
<verb>মুচড়াইতেছিলাম</verb>
<verb>মুচড়াইতেছিলেন</verb>
<verb>মুচড়াইয়াছিলাম</verb>
<verb>মুচড়াইয়াছিলেন</verb>
<noun>মুদ্রাবিজ্ঞান</noun>
<verb>মুষড়াইতেছিলাম</verb>
<verb>মুষড়াইতেছিলেন</verb>
<verb>মুষড়াইয়াছিলাম</verb>
<verb>মুষড়াইয়াছিলেন</verb>
<noun>মূর্তিপরিগ্রহ</noun>
<adv>মূর্ধাভিষিক্ত</adv>
<noun>ম্যাজিস্ট্রেট</noun>
<adv>যথেচ্ছাচারিণী</adv>
<noun>যন্ত্রবিজ্ঞান</noun>
<adv>যুক্তিগ্রাহ্য</adv>
<adv>যেখানে-সেখানে</adv>
<adv>রজোগুণসম্পন্ন</adv>
<noun>রবীন্দ্রপন্থা</noun>
<adv>রবীন্দ্রপন্থী</adv>
<verb>রাঙ্গাইতেছিলি</verb>
<verb>রাঙ্গাইতেছিলে</verb>
<verb>রাঙ্গাইয়াছিলি</verb>
<verb>রাঙ্গাইয়াছিলে</verb>
<verb>রাঙ্গাচ্ছিলাম</verb>
<verb>রাঙ্গাচ্ছিলুম</verb>
<verb>রাঙ্গাচ্ছিলেন</verb>
<verb>রাঙ্গাচ্ছিলেম</verb>
<verb>রাঙ্গিয়েছিলাম</verb>
<verb>রাঙ্গিয়েছিলুম</verb>
<verb>রাঙ্গিয়েছিলেন</verb>
<verb>রাঙ্গিয়েছিলেম</verb>
<adv>রাজস্বদানকারী</adv>
<verb>রান্ধিতেছিলাম</verb>
<verb>রান্ধিতেছিলেন</verb>
<verb>রান্ধিয়াছিলাম</verb>
<verb>রান্ধিয়াছিলেন</verb>
<noun>রাষ্ট্রবিপ্লব</noun>
<noun>রুদ্রাক্ষমালা</noun>
<noun>লক্ষ্মীনারায়ণ</noun>
<verb>লেংচাইতেছিলাম</verb>
<verb>লেংচাইতেছিলেন</verb>
<verb>লেংচাইয়াছিলাম</verb>
<verb>লেংচাইয়াছিলেন</verb>
<verb>লেপটাইতেছিলাম</verb>
<verb>লেপটাইতেছিলেন</verb>
<verb>লেপটাইয়াছিলাম</verb>
<verb>লেপটাইয়াছিলেন</verb>
<noun>শত্রুমিত্রভেদ</noun>
<noun>শাস্ত্রজ্ঞানী</noun>
<noun>শাস্ত্রালোচনা</noun>
<adv>শিক্ষাদানকারী</adv>
<noun>শিক্ষাবিস্তার</noun>
<noun>শিক্ষামন্ত্রী</noun>
<noun>শিক্ষাসংস্কার</noun>
<adv>শিল্পকর্মকারী</adv>
<noun>শিল্পবিদ্যালয়</noun>
<adv>শিশ্নোদরপরায়ণ</adv>
<adv>শীর্ষস্থানীয়া</adv>
<verb>শুঁকাইতেছিলাম</verb>
<verb>শুঁকাইতেছিলেন</verb>
<verb>শুঁকাইয়াছিলাম</verb>
<verb>শুঁকাইয়াছিলেন</verb>
<verb>শুঁখাইতেছিলাম</verb>
<verb>শুঁখাইতেছিলেন</verb>
<verb>শুঁখাইয়াছিলাম</verb>
<verb>শুঁখাইয়াছিলেন</verb>
<adv>শুচিবাইগ্রস্ত</adv>
<noun>শুদ্ধ্যশুদ্ধি</noun>
<verb>শুধরাইতেছিলাম</verb>
<verb>শুধরাইতেছিলেন</verb>
<verb>শুধরাইয়াছিলাম</verb>
<verb>শুধরাইয়াছিলেন</verb>
<noun>শ্বাসপ্রশ্বাস</noun>
<noun>শ্মশানবৈরাগ্য</noun>
<adv>শ্মশ্রুমণ্ডিত</adv>
<adv>শ্রবণবহির্ভূত</adv>
<noun>শ্রাদ্ধশান্তি</noun>
<adv>শ্রীচরণকমলেষু</adv>
<noun>শ্রেণিবিন্যাস</noun>
<noun>শ্রেণিসংগ্রাম</noun>
<noun>শ্রেণীবিন্যাস</noun>
<noun>শ্রেণীসংগ্রাম</noun>
<adv>ষটত্রিংশত্তমী</adv>
<adv>ষটপঙ্চাশত্তমী</adv>
<adv>সংস্থাপয়িত্রী</adv>
<noun>সঙ্কল্পবিকল্প</noun>
<adv>সঙ্গতিসম্পন্ন</adv>
<adv>সঙ্গীতস্রষ্টা</adv>
<adv>সত্যরক্ষার্থে</adv>
<noun>সত্যানুসন্ধান</noun>
<noun>সন্তানবাতসল্য</noun>
<noun>সন্ধ্যাআহ্নিক</noun>
<noun>সন্ধ্যাবন্দনা</noun>
<noun>সন্ন্যাসগ্রহণ</noun>
<adv>সপ্তচত্বারিংশ</adv>
<adv>সপ্তবিংশতিতমী</adv>
<noun>সপ্তর্ষিমণ্ডল</noun>
<adv>সমাজতাত্ত্বিক</adv>
<adv>সমাজতান্ত্রিক</adv>
<noun>সম্পত্তিরক্ষা</noun>
<noun>সম্পাদকমণ্ডলী</noun>
<noun>সম্প্রদানকারক</noun>
<adv>সম্প্রদানকারী</adv>
<adv>সম্মুখবর্তিনী</adv>
<adv>সর্বনিয়ন্ত্রী</adv>
<adv>সর্ববাদিসম্মত</adv>
<noun>সহস্রকিরণমালী</noun>
<adv>সহাবস্থানকারী</adv>
<adv>সহায়সম্বলহীনা</adv>
<verb>সাঁতরাইতেছিলি</verb>
<verb>সাঁতরাইতেছিলে</verb>
<verb>সাঁতরাইয়াছিলি</verb>
<verb>সাঁতরাইয়াছিলে</verb>
<verb>সাঁতরাচ্ছিলাম</verb>
<verb>সাঁতরাচ্ছিলুম</verb>
<verb>সাঁতরাচ্ছিলেন</verb>
<verb>সাঁতরাচ্ছিলেম</verb>
<verb>সাঁতলাইতেছিলি</verb>
<verb>সাঁতলাইতেছিলে</verb>
<verb>সাঁতলাইয়াছিলি</verb>
<verb>সাঁতলাইয়াছিলে</verb>
<verb>সাঁতলাচ্ছিলাম</verb>
<verb>সাঁতলাচ্ছিলুম</verb>
<verb>সাঁতলাচ্ছিলেন</verb>
<verb>সাঁতলাচ্ছিলেম</verb>
<adv>সাধারণতন্ত্রী</adv>
<adv>সাধ্যবহির্ভূত</adv>
<adv>সাধ্যাতিরিক্ত</adv>
<noun>সাপেক্ষানুমান</noun>
<verb>সাপটাইতেছিলাম</verb>
<verb>সাপটাইতেছিলেন</verb>
<verb>সাপটাইয়াছিলাম</verb>
<verb>সাপটাইয়াছিলেন</verb>
<adv>সাম্রাজ্যবাদী</adv>
<verb>সামলাইতেছিলাম</verb>
<verb>সামলাইতেছিলেন</verb>
<verb>সামলাইয়াছিলাম</verb>
<verb>সামলাইয়াছিলেন</verb>
<noun>সাহিত্যবৃত্তি</noun>
<verb>সিটকাইতেছিলাম</verb>
<verb>সিটকাইতেছিলেন</verb>
<verb>সিটকাইয়াছিলাম</verb>
<verb>সিটকাইয়াছিলেন</verb>
<noun>সীমান্তপ্রদেশ</noun>
<noun>সুষুম্নাকাণ্ড</noun>
<noun>সৃষ্টিধর্মিতা</noun>
<noun>স্টেশনমাস্টার</noun>
<noun>স্ত্রীপ্রত্যয়</noun>
<noun>স্থানপরিবর্তন</noun>
<noun>স্থানসঙ্কুলান</noun>
<adv>স্থানান্তরিতা</adv>
<adv>স্থানেঅস্থানে</adv>
<noun>স্নেহাশীর্বাদ</noun>
<adv>স্বকপোলকল্পিত</adv>
<adv>স্বতঃপ্রবৃত্ত</adv>
<adv>স্বতঃপ্রমাণিত</adv>
<adv>স্বত্বাধিকারী</adv>
<noun>স্বভাবপ্রকৃতি</noun>
<adv>স্বভাববিরুদ্ধ</adv>
<adv>স্বর্গপ্রাপ্ত</adv>
<noun>স্বর্ণপ্রতিমা</noun>
<noun>স্বর্ণসিন্দূর</noun>
<noun>স্বর্ণালঙ্কার</noun>
<noun>স্বার্থচিন্তা</noun>
<noun>স্বার্থবুদ্ধি</noun>
<noun>স্বার্থসিদ্ধি</noun>
<noun>স্বাস্থ্যপালন</noun>
<adv>স্বাস্থ্যপ্রদ</adv>
<noun>স্বাস্থ্যভঙ্গ</noun>
<noun>স্বাস্থ্যহানি</noun>
<adv>স্বেচ্ছাক্রমে</adv>
<noun>স্বেচ্ছাব্রতী</noun>
<noun>স্বেচ্ছাসেবকা</noun>
<adv>স্মৃতিবিরুদ্ধ</adv>
<noun>স্মৃতিভাণ্ডার</noun>
<noun>স্মৃতিশাস্ত্র</noun>
<verb>হাঁকাইতেছিলাম</verb>
<verb>হাঁকাইতেছিলেন</verb>
<verb>হাঁকাইয়াছিলাম</verb>
<verb>হাঁকাইয়াছিলেন</verb>
<verb>হাঁটকাইতেছিলি</verb>
<verb>হাঁটকাইতেছিলে</verb>
<verb>হাঁটকাইয়াছিলি</verb>
<verb>হাঁটকাইয়াছিলে</verb>
<verb>হাঁটকাচ্ছিলাম</verb>
<verb>হাঁটকাচ্ছিলুম</verb>
<verb>হাঁটকাচ্ছিলেন</verb>
<verb>হাঁটকাচ্ছিলেম</verb>
<verb>হাঁপাইতেছিলাম</verb>
<verb>হাঁপাইতেছিলেন</verb>
<verb>হাঁপাইয়াছিলাম</verb>
<verb>হাঁপাইয়াছিলেন</verb>
<verb>হাঁসাইতেছিলাম</verb>
<verb>হাঁসাইতেছিলেন</verb>
<verb>হাঁসাইয়াছিলাম</verb>
<verb>হাঁসাইয়াছিলেন</verb>
<verb>হাতড়াইতেছিলাম</verb>
<verb>হাতড়াইতেছিলেন</verb>
<verb>হাতড়াইয়াছিলাম</verb>
<verb>হাতড়াইয়াছিলেন</verb>
<verb>হাপরাইতেছিলাম</verb>
<verb>হাপরাইতেছিলেন</verb>
<verb>হাপরাইয়াছিলাম</verb>
<verb>হাপরাইয়াছিলেন</verb>
<verb>হিঁচড়াইতেছিলি</verb>
<verb>হিঁচড়াইতেছিলে</verb>
<verb>হিঁচড়াইয়াছিলি</verb>
<verb>হিঁচড়াইয়াছিলে</verb>
<noun>হিন্দুশাস্ত্র</noun>
</items>
</data>