<data>
<items>
<noun>অনাস্থাপ্রস্তাব</noun>
<adv>অনাস্বাদিতপূর্ব</adv>
<adv>অন্তরীক্ষবাসিনী</adv>
<adv>অপত্যনির্বিশেষে</adv>
<adv>অপ্রতিদ্বন্দ্বী</adv>
<adv>অর্ধচন্দ্রাকৃতি</adv>
<noun>অসাম্প্রদায়িকতা</noun>
<adv>অস্ত্রোপচারকারী</adv>
<adv>আজানুলম্বিতবাহু</adv>
<noun>আতিথ্যগ্রহণকারী</noun>
<adv>আত্মপ্রশংসাকারী</adv>
<adv>আত্মান্বেষণকারী</adv>
<adv>আস্বাদগ্রহণকারী</adv>
<adv>ইতিহাসসংক্রান্ত</adv>
<noun>ইন্দ্রজালবিদ্যা</noun>
<adv>ইন্দ্রিয়গ্রাহ্য</adv>
<adv>ইন্দ্রিয়দমনকারী</adv>
<noun>উপপ্রধানমন্ত্রী</noun>
<adv>একচত্বারিংশত্তম</adv>
<noun>কর্তব্যনির্ধারণ</noun>
<noun>কুশপুত্তলিকাদাহ</noun>
<noun>কৃতজ্ঞতাস্বীকার</noun>
<noun>ক্যাঁচক্যাঁচানি</noun>
<adv>খামখেয়ালবিশিষ্ট</adv>
<noun>খোদা-ই-খিদমদগার</noun>
<noun>খ্যাঁকখ্যাঁকানি</noun>
<noun>গড্ডলিকা-প্রবাহ</noun>
<noun>চণ্ডীমঙ্গলকাব্য</noun>
<adv>চতুঃপঙ্চাশত্তমী</adv>
<adv>চতুস্ত্রিংশত্তম</adv>
<adv>চিত্তবিনোদনকারী</adv>
<adv>ছিদ্রানুসন্ধায়ী</adv>
<noun>জলখাবারবিক্রেতা</noun>
<noun>জ্যামিতিশাস্ত্র</noun>
<noun>জ্যোতিষ্কমণ্ডলী</noun>
<noun>টেণ্ডাই-মেণ্ডাই</noun>
<adv>তত্ত্বসম্বন্ধীয়</adv>
<noun>তত্ত্বানুসন্ধান</noun>
<adv>তিক্তস্বাদযুক্ত</adv>
<adv>ত্রয়ঃপঙ্চাশত্তম</adv>
<adv>ত্রিচত্বারিংশত্</adv>
<adv>ত্রিপঙ্চাশত্তমী</adv>
<adv>ত্রিশূলধারণকারী</adv>
<noun>দাতব্যচিকিতসালয়</noun>
<adv>দুর্ভাবনাগ্রস্ত</adv>
<adv>দৃষ্টান্তস্বরূপ</adv>
<noun>দ্বাত্রিংশত্তমী</noun>
<adv>দ্বিপঙ্চাশত্তমী</adv>
<adv>ধর্মসংস্কারকারী</adv>
<noun>নির্বন্ধাতিশয্য</noun>
<noun>নির্বাচনক্ষেত্র</noun>
<noun>পঙ্চত্বপ্রাপ্তি</noun>
<adv>পঙ্চত্রিংশত্তমী</adv>
<adv>পঙ্চপঙ্চাশত্তমী</adv>
<adv>পরভাগ্যোপজীবিনী</adv>
<noun>পার্শ্বপরিবর্তন</noun>
<noun>পুলিস-ইনস্পেকটর</noun>
<adv>প্রকৃতপ্রস্তাবে</adv>
<noun>প্রকৃতি-প্রত্যয়</noun>
<noun>প্রতিরক্ষাদপ্তর</noun>
<noun>প্রত্নতত্ত্ববিত</noun>
<noun>প্রত্যক্ষপ্রমাণ</noun>
<adv>প্রত্যুতপন্নমতি</adv>
<noun>প্রযুক্তিবিদ্যা</noun>
<noun>প্রশান্তমহাসাগর</noun>
<noun>বিশ্বব্রহ্মাণ্ড</noun>
<adv>বিশ্বাসভঙ্গকারী</adv>
<noun>বিষুবসংক্রান্তি</noun>
<noun>বৃদ্ধপ্রপিতামহী</noun>
<noun>বৃদ্ধপ্রমাতামহী</noun>
<noun>ব্যবস্থাশাস্ত্র</noun>
<noun>ব্রহ্মচর্যাশ্রম</noun>
<noun>ভাইস-চ্যানসেলার</noun>
<noun>মহিষাসুরমর্দিনী</noun>
<noun>মিউনিসিপ্যালিটি</noun>
<noun>লাগানি-ভাঙ্গানি</noun>
<adv>শাস্তিবিধানকারী</adv>
<noun>শাস্ত্রব্যাখ্যা</noun>
<adv>শাস্ত্রানুমোদিত</adv>
<adv>শীতাতপনিয়ন্ত্রক</adv>
<noun>শীতাতপনিয়ন্ত্রণ</noun>
<adv>শুচিবায়ুগ্রস্তা</adv>
<adv>ষটচত্বারিংশত্তম</adv>
<adv>সপ্তত্রিংশত্তমী</adv>
<adv>সপ্তপঙ্চাশত্তমী</adv>
<adv>সর্বসম্মতিক্রমে</adv>
<noun>সাহিত্যপরিক্রমা</noun>
<noun>স্ত্রীস্বাধীনতা</noun>
<noun>স্পর্শনেন্দ্রিয়</noun>
<adv>স্বত্বাধিকারিণী</adv>
<noun>স্বপ্নবৃত্তান্ত</noun>
<noun>স্বাস্থ্যোদ্ধার</noun>
<adv>স্বেচ্ছানুবর্তী</adv>
<noun>হেডমাস্টারমহাশয়</noun>
</items>
</data>