<data>
<items>
<noun>অন্ত্যেষ্টিক্রিয়া</noun>
<adv>আত্মানুসন্ধানকারী</adv>
<adv>উচ্চনীচনির্বিশেষে</adv>
<adv>উচ্ছিষ্টভক্ষণকারী</adv>
<noun>উত্তর-প্রত্যুত্তর</noun>
<adv>উত্তরাধিকারসূত্রে</adv>
<noun>উত্তরায়ণান্তবৃত্ত</noun>
<noun>কর্কটক্রান্তিরেখা</noun>
<adv>ক্ষুদ্রাতিক্ষুদ্র</adv>
<noun>গণিতশাস্ত্রবেত্তা</noun>
<adv>জীবিকানির্বাহকারী</adv>
<adv>জ্যোতিঃশাস্ত্রজ্ঞ</adv>
<adv>জ্যোতিষশাস্ত্রজ্ঞ</adv>
<adv>তিক্তস্বাদবিশিষ্ট</adv>
<adv>ত্রয়শ্চত্বারিংশত্</adv>
<adv>ত্রয়স্ত্রিংশত্তমী</adv>
<adv>ত্রিচত্বারিংশত্তম</adv>
<adv>ত্রিশূলধারণকারিণী</adv>
<adv>দায়িত্ববোধসম্পন্ন</adv>
<adv>দ্বাচত্বারিংশত্তম</adv>
<noun>দ্রব্যমূল্যবৃদ্ধি</noun>
<adv>ধন্যবাদজ্ঞাপনকারী</adv>
<noun>নিঃশ্বাস-প্রশ্বাস</noun>
<adv>পঙ্চচত্বারিংশত্তম</adv>
<adv>পরিকল্পনাবহির্ভূত</adv>
<noun>প্রতিরক্ষামন্ত্রক</noun>
<noun>প্রতিরক্ষামন্ত্রী</noun>
<adv>ব্যক্তিত্বব্যঞ্জক</adv>
<adv>ব্যক্তিত্বসম্পন্ন</adv>
<adv>ভক্তবাঞ্ছাকল্পতরু</adv>
<noun>শান্তিরক্ষাবাহিনী</noun>
<adv>সত্যানুসন্ধানকারী</adv>
<adv>সপ্তচত্বারিংশত্তম</adv>
<noun>সুপারিন্টেন্ডেন্ট</noun>
<adv>সূক্ষ্মাতিসূক্ষ্ম</adv>
<noun>স্বরাষ্ট্রমন্ত্রক</noun>
<noun>স্বরাষ্ট্রমন্ত্রী</noun>
<noun>স্বেচ্ছানুবর্তিতা</noun>
<adv>স্বেচ্ছানুবর্তিনী</adv>
</items>
</data>