<data>
<items>
<noun>অংশ</noun>
<noun>অংস</noun>
<adv>অখন</adv>
<adv>অগম</adv>
<adv>অগা</adv>
<noun>অঘর</noun>
<adv>অচর</adv>
<adv>অচল</adv>
<noun>অছি</noun>
<adv>অজয়</adv>
<adv>অজর</adv>
<noun>অজা</noun>
<adv>অঝর</adv>
<adv>অটল</adv>
<noun>অড়র</noun>
<adv>অণু</adv>
<adv>অতল</adv>
<adj>অতি</adj>
<adv>অথই</adv>
<adj>অথচ</adj>
<adv>অথৈ</adv>
<adv>অধম</adv>
<noun>অধর</noun>
<adv>অনড়</adv>
<noun>অনল</noun>
<noun>অপথ</noun>
<pron>অপর</pron>
<adv>অফল</adv>
<adv>অবশ</adv>
<adv>অভয়</adv>
<noun>অমত</noun>
<adv>অমন</adv>
<adv>অমর</adv>
<adv>অমল</adv>
<noun>অমা</noun>
<noun>অযশ</noun>
<noun>অয়ন</noun>
<noun>অয়স</noun>
<adj>অয়ি</adj>
<noun>অরি</noun>
<noun>অলক</noun>
<adv>অলস</adv>
<noun>অলি</noun>
<noun>অশথ</noun>
<noun>অশন</noun>
<adv>অসত</adv>
<adv>অসম</adv>
<adv>অসহ</adv>
<noun>অসি</noun>
<adj>অহং</adj>
<adj>অহম</adj>
<noun>অহি</noun>
<adj>অহো</adj>
<verb>আঁক</verb>
<verb>আঁক</verb>
<verb>আঁচ</verb>
<verb>আঁচ</verb>
<verb>আঁট</verb>
<verb>আঁট</verb>
<noun>আঁত</noun>
<noun>আঁশ</noun>
<noun>আঁষ</noun>
<noun>আইন</noun>
<verb>আইস</verb>
<adv>আউট</adv>
<adv>আউশ</adv>
<adv>আউস</adv>
<noun>আকর</noun>
<noun>আখর</noun>
<noun>আগড়</noun>
<adv>আগত</adv>
<noun>আগম</noun>
<noun>আগল</noun>
<verb>আগা</verb>
<adv>আগু</adv>
<adv>আগে</adv>
<noun>আঙন</noun>
<verb>আছি</verb>
<verb>আছে</verb>
<adv>আজব</adv>
<noun>আজর</noun>
<noun>আজা</noun>
<adj>আজি</adj>
<noun>আজী</noun>
<adv>আটই</adv>
<adv>আটক</adv>
<noun>আটা</noun>
<noun>আঠা</noun>
<noun>আড়ং</noun>
<noun>আড়ত</noun>
<noun>আড়ত</noun>
<noun>আড়া</noun>
<noun>আড়ি</noun>
<adv>আণব</adv>
<adv>আতত</adv>
<noun>আতপ</noun>
<noun>আতর</noun>
<noun>আতশ</noun>
<noun>আতস</noun>
<noun>আতা</noun>
<adv>আদত</adv>
<noun>আদব</noun>
<noun>আদম</noun>
<noun>আদর</noun>
<noun>আদল</noun>
<noun>আদা</noun>
<adv>আদি</adv>
<adj>আদৌ</adj>
<adv>আধা</adv>
<noun>আধি</noun>
<verb>আনছ</verb>
<verb>আনত</verb>
<noun>আনন</noun>
<verb>আনব</verb>
<verb>আনল</verb>
<verb>আনা</verb>
<verb>আনি</verb>
<verb>আনে</verb>
<verb>আনো</verb>
<noun>আপণ</noun>
<noun>আপত</noun>
<noun>আপদ</noun>
<noun>আপদ</noun>
<adv>আপন</adv>
<noun>আপস</noun>
<adv>আবহ</adv>
<noun>আভা</noun>
<adv>আমন</adv>
<noun>আময়</noun>
<noun>আমল</noun>
<pron>আমা</pron>
<pron>আমি</pron>
<adv>আয়ত</adv>
<adv>আয়স</adv>
<noun>আয়া</noun>
<noun>আয়ু</noun>
<adj>আরও</adj>
<noun>আরক</noun>
<noun>আরব</noun>
<adj>আরে</adj>
<adj>আরো</adj>
<noun>আলয়</noun>
<noun>আলি</noun>
<adv>আলী</adv>
<noun>আলু</noun>
<noun>আলো</noun>
<noun>আশক</noun>
<noun>আশয়</noun>
<noun>আশা</noun>
<adv>আশি</adv>
<adv>আশী</adv>
<adj>আশু</adj>
<verb>আসছ</verb>
<verb>আসত</verb>
<noun>আসন</noun>
<verb>আসব</verb>
<noun>আসর</noun>
<verb>আসল</verb>
<verb>আসা</verb>
<verb>আসি</verb>
<verb>আসে</verb>
<adv>আহত</adv>
<adj>আহা</adj>
<noun>ইঁট</noun>
<noun>ইজা</noun>
<noun>ইড়া</noun>
<adv>ইতর</adv>
<adj>ইতি</adj>
<noun>ইতু</noun>
<noun>ইথর</noun>
<pron>ইনি</pron>
<noun>ইমন</noun>
<adj>ইয়ে</adj>
<noun>ইরা</noun>
<noun>ইলা</noun>
<pron>ইহা</pron>
<noun>ঈগল</noun>
<noun>ঈথর</noun>
<noun>ঈশা</noun>
<adj>ঈষত</adj>
<noun>ঈষা</noun>
<noun>ঈহা</noun>
<noun>উকা</noun>
<noun>উকো</noun>
<noun>উখা</noun>
<verb>উচত</verb>
<verb>উচব</verb>
<verb>উচল</verb>
<verb>উচই</verb>
<verb>উচও</verb>
<verb>উচক</verb>
<verb>উচত</verb>
<verb>উচন</verb>
<verb>উচব</verb>
<verb>উচয়</verb>
<verb>উচল</verb>
<verb>উচস</verb>
<verb>উচা</verb>
<verb>উচো</verb>
<adv>উছল</adv>
<adv>উটক</adv>
<verb>উঠত</verb>
<verb>উঠব</verb>
<verb>উঠল</verb>
<verb>উঠই</verb>
<verb>উঠও</verb>
<verb>উঠক</verb>
<verb>উঠছ</verb>
<verb>উঠত</verb>
<verb>উঠন</verb>
<verb>উঠব</verb>
<verb>উঠয়</verb>
<verb>উঠল</verb>
<verb>উঠস</verb>
<verb>উঠা</verb>
<verb>উঠি</verb>
<verb>উঠে</verb>
<verb>উঠো</verb>
<verb>উড়ত</verb>
<verb>উড়ব</verb>
<verb>উড়ল</verb>
<verb>উড়ই</verb>
<verb>উড়ও</verb>
<verb>উড়ক</verb>
<verb>উড়ছ</verb>
<verb>উড়ত</verb>
<verb>উড়ন</verb>
<verb>উড়ব</verb>
<verb>উড়য়</verb>
<verb>উড়ল</verb>
<verb>উড়স</verb>
<verb>উড়া</verb>
<verb>উড়ি</verb>
<verb>উড়ে</verb>
<verb>উড়ো</verb>
<adv>উতল</adv>
<noun>উতস</noun>
<adv>উথল</adv>
<noun>উদক</noun>
<adv>উদজ</adv>
<adv>উদম</adv>
<noun>উদয়</noun>
<noun>উদর</noun>
<adv>উদো</adv>
<adv>উধো</adv>
<noun>উনন</noun>
<adv>উনা</adv>
<pron>উনি</pron>
<adv>উনো</adv>
<adj>উপর</adj>
<noun>উপল</noun>
<verb>উপা</verb>
<verb>উবছ</verb>
<verb>উবত</verb>
<verb>উবব</verb>
<verb>উবল</verb>
<verb>উবা</verb>
<verb>উবি</verb>
<adv>উবু</adv>
<verb>উবে</verb>
<verb>উবো</verb>
<pron>উভয়</pron>
<noun>উমর</noun>
<noun>উমা</noun>
<noun>উরঃ</noun>
<noun>উরগ</noun>
<noun>উরস</noun>
<noun>উরু</noun>
<adv>উলট</adv>
<noun>উলি</noun>
<noun>উলু</noun>
<noun>উষা</noun>
<pron>উহা</pron>
<adj>উহু</adj>
<adv>ঊঢ়</adv>
<noun>ঊরু</noun>
<adv>ঊষর</adv>
<noun>ঊষা</noun>
<adv>ঋজু</adv>
<adv>ঋণী</adv>
<noun>ঋতি</noun>
<noun>ঋতু</noun>
<noun>ঋভু</noun>
<noun>ঋষভ</noun>
<noun>ঋষি</noun>
<pron>এঁর</pron>
<adv>একক</adv>
<adv>একশ</adv>
<adv>একা</adv>
<adj>একি</adj>
<pron>একে</pron>
<adj>এখন</adj>
<adv>এখো</adv>
<verb>এগন</verb>
<pron>এটা</pron>
<pron>এটি</pron>
<adv>এড়ো</adv>
<noun>এণী</noun>
<pron>এতত</pron>
<pron>এতে</pron>
<verb>এনে</verb>
<verb>এনো</verb>
<conj>এবং</conj>
<adv>এমত</adv>
<pron>এমন</pron>
<adv>এয়ো</adv>
<pron>এরা</pron>
<pron>এরে</pron>
<verb>এলা</verb>
<verb>এলি</verb>
<verb>এলে</verb>
<adv>এলো</adv>
<noun>এষা</noun>
<pron>এসব</pron>
<verb>এসে</verb>
<verb>এসো</verb>
<noun>ঐড়ব</noun>
<adv>ঐমত</adv>
<adv>ঐশী</adv>
<pron>ঐসব</pron>
<noun>ওঁত</noun>
<pron>ওঁর</pron>
<adj>ওকি</adj>
<pron>ওকে</pron>
<adj>ওগো</adj>
<verb>ওচা</verb>
<noun>ওছি</noun>
<noun>ওজঃ</noun>
<noun>ওজন</noun>
<noun>ওজর</noun>
<noun>ওঝা</noun>
<pron>ওটা</pron>
<pron>ওটি</pron>
<verb>ওঠা</verb>
<verb>ওঠে</verb>
<noun>ওড়ব</noun>
<verb>ওড়া</verb>
<verb>ওড়ে</verb>
<pron>ওতে</pron>
<adj>ওপর</adj>
<verb>ওবা</verb>
<verb>ওবে</verb>
<adj>ওমা</adj>
<pron>ওরা</pron>
<adj>ওরে</adj>
<adv>ওলট</adv>
<adv>ওলন</adv>
<adj>ওলো</adj>
<pron>ওসব</pron>
<pron>ওহে</pron>
<adj>ওহো</adj>
<noun>ঔরত</noun>
<adv>ঔরস</adv>
<noun>ঔষধ</noun>
<verb>কয়ে</verb>
<verb>কয়ো</verb>
<noun>কংশ</noun>
<noun>কংস</noun>
<verb>কইও</verb>
<verb>কইছ</verb>
<verb>কইত</verb>
<verb>কইব</verb>
<verb>কইল</verb>
<noun>কওন</noun>
<verb>ককা</verb>
<adj>কখন</adj>
<adv>কচি</adv>
<noun>কচু</noun>
<noun>কটক</noun>
<adv>কটা</adv>
<adv>কটি</adv>
<noun>কটী</noun>
<adv>কটু</adv>
<adv>কড়া</adv>
<noun>কড়ি</noun>
<adv>কড়ে</adv>
<noun>কণা</noun>
<noun>কণী</noun>
<pron>কতক</pron>
<noun>কতল</noun>
<noun>কথক</noun>
<noun>কথন</noun>
<noun>কথা</noun>
<noun>কদম</noun>
<noun>কদর</noun>
<noun>কদল</noun>
<noun>কনক</noun>
<noun>কনে</noun>
<adv>কপট</adv>
<noun>কপি</noun>
<noun>কফন</noun>
<noun>কফি</noun>
<noun>কবচ</noun>
<noun>কবজ</noun>
<noun>কবর</noun>
<noun>কবল</noun>
<verb>কবি</verb>
<verb>কবে</verb>
<verb>কবো</verb>
<adj>কভু</adj>
<verb>কমছ</verb>
<noun>কমঠ</noun>
<verb>কমত</verb>
<verb>কমব</verb>
<verb>কমল</verb>
<verb>কমা</verb>
<verb>কমি</verb>
<verb>কমে</verb>
<verb>কমো</verb>
<verb>কয়ে</verb>
<verb>কয়ো</verb>
<verb>করছ</verb>
<noun>করজ</noun>
<noun>করণ</noun>
<verb>করত</verb>
<noun>করদ</noun>
<verb>করব</verb>
<noun>করভ</noun>
<noun>করম</noun>
<verb>করল</verb>
<verb>করা</verb>
<verb>করি</verb>
<noun>করী</noun>
<verb>করে</verb>
<verb>করো</verb>
<noun>কলন</noun>
<noun>কলপ</noun>
<noun>কলভ</noun>
<noun>কলম</noun>
<noun>কলশ</noun>
<noun>কলস</noun>
<noun>কলহ</noun>
<noun>কলা</noun>
<noun>কলি</noun>
<noun>কলু</noun>
<verb>কশছ</verb>
<verb>কশত</verb>
<verb>কশব</verb>
<verb>কশল</verb>
<verb>কশা</verb>
<verb>কশি</verb>
<verb>কশে</verb>
<verb>কশো</verb>
<verb>কষছ</verb>
<verb>কষত</verb>
<verb>কষব</verb>
<verb>কষল</verb>
<verb>কষা</verb>
<verb>কষি</verb>
<verb>কষে</verb>
<verb>কষো</verb>
<verb>কষ্</verb>
<noun>কসম</noun>
<noun>কহন</noun>
<verb>কহা</verb>
<verb>কহি</verb>
<verb>কহে</verb>
<noun>কাই</noun>
<noun>কাক</noun>
<verb>কাচ</verb>
<verb>কাচ</verb>
<noun>কাছ</noun>
<noun>কাজ</noun>
<verb>কাট</verb>
<verb>কাট</verb>
<adv>কাঠ</adv>
<verb>কাড়</verb>
<verb>কাড়</verb>
<adv>কাত</adv>
<adv>কাত</adv>
<noun>কান</noun>
<noun>কাপ</noun>
<noun>কাম</noun>
<noun>কায়</noun>
<pron>কার</pron>
<adv>কাল</adv>
<verb>কাশ</verb>
<verb>কাশ</verb>
<verb>কিন</verb>
<noun>কিল</noun>
<noun>কীট</noun>
<noun>কীল</noun>
<noun>কুচ</noun>
<adj>কুচ</adj>
<verb>কুট</verb>
<adj>কুট</adj>
<noun>কুড়</noun>
<verb>কুর</verb>
<noun>কুল</noun>
<noun>কুশ</noun>
<adv>কূট</adv>
<noun>কূপ</noun>
<noun>কূল</noun>
<adv>কৃত</adv>
<noun>কৃত</noun>
<noun>কৃপ</noun>
<adv>কৃশ</adv>
<pron>কেই</pron>
<pron>কেউ</pron>
<noun>কেক</noun>
<verb>কেন</verb>
<verb>কেন</verb>
<noun>কেশ</noun>
<noun>কেস</noun>
<pron>কেহ</pron>
<adj>কোঁ</adj>
<noun>কোং</noun>
<noun>কোক</noun>
<noun>কোচ</noun>
<verb>কোট</verb>
<verb>কোট</verb>
<noun>কোণ</noun>
<pron>কোন</pron>
<adj>কোন</adj>
<noun>কোপ</noun>
<verb>কোর</verb>
<verb>কোর</verb>
<noun>কোল</noun>
<noun>কোশ</noun>
<noun>কোষ</noun>
<noun>কৌচ</noun>
<adv>কৌপ</adv>
<verb>ক্ষ</verb>
<noun>খইল</noun>
<adv>খচর</adv>
<noun>খড়ম</noun>
<noun>খড়ি</noun>
<noun>খড়ো</noun>
<noun>খড়গ</noun>
<adv>খতম</adv>
<noun>খনক</noun>
<noun>খনন</noun>
<noun>খনা</noun>
<noun>খনি</noun>
<noun>খবর</noun>
<adv>খয়া</adv>
<noun>খরচ</noun>
<noun>খরজ</noun>
<adv>খরা</adv>
<noun>খলি</noun>
<verb>খসছ</verb>
<verb>খসত</verb>
<verb>খসব</verb>
<noun>খসম</noun>
<verb>খসল</verb>
<verb>খসা</verb>
<verb>খসি</verb>
<verb>খসে</verb>
<verb>খসো</verb>
<noun>খাঁ</noun>
<verb>খাই</verb>
<verb>খাও</verb>
<verb>খাক</verb>
<noun>খাগ</noun>
<verb>খাট</verb>
<verb>খাট</verb>
<noun>খাত</noun>
<noun>খাদ</noun>
<verb>খান</verb>
<noun>খাপ</noun>
<verb>খাব</verb>
<noun>খাম</noun>
<verb>খায়</verb>
<noun>খাল</noun>
<verb>খাস</verb>
<noun>খিল</noun>
<adj>খুক</adj>
<adj>খুট</adj>
<verb>খুদ</verb>
<adv>খুন</adv>
<adv>খুব</adv>
<noun>খুর</noun>
<verb>খুল</verb>
<adv>খুশ</adv>
<noun>খেই</noun>
<verb>খেত</verb>
<noun>খেদ</noun>
<verb>খেপ</verb>
<verb>খেপ</verb>
<verb>খেল</verb>
<verb>খেল</verb>
<noun>খৈল</noun>
<verb>খোদ</verb>
<verb>খোদ</verb>
<noun>খোপ</noun>
<verb>খোল</verb>
<verb>খোল</verb>
<noun>খোশ</noun>
<noun>খোস</noun>
<noun>গঁদ</noun>
<noun>গগন</noun>
<verb>গছা</verb>
<noun>গজল</noun>
<verb>গজা</verb>
<adv>গজি</adv>
<adv>গজী</adv>
<noun>গঠন</noun>
<verb>গড়ছ</verb>
<verb>গড়ত</verb>
<noun>গড়ন</noun>
<verb>গড়ব</verb>
<verb>গড়ল</verb>
<verb>গড়া</verb>
<verb>গড়ি</verb>
<adv>গড়ু</adv>
<verb>গড়ে</verb>
<verb>গড়ো</verb>
<adv>গণক</adv>
<noun>গণন</noun>
<verb>গণা</verb>
<noun>গতর</noun>
<noun>গতি</noun>
<adj>গতে</adj>
<noun>গদা</noun>
<noun>গদি</noun>
<verb>গনা</verb>
<adv>গবা</adv>
<noun>গবী</noun>
<noun>গমক</noun>
<noun>গমন</noun>
<noun>গয়া</noun>
<verb>গরজ</verb>
<verb>গরজ</verb>
<noun>গরদ</noun>
<noun>গরব</noun>
<adv>গরম</adv>
<noun>গরল</noun>
<noun>গরু</noun>
<noun>গলই</noun>
<verb>গলছ</verb>
<verb>গলত</verb>
<adv>গলত</adv>
<noun>গলদ</noun>
<noun>গলন</noun>
<verb>গলব</verb>
<verb>গলল</verb>
<verb>গলা</verb>
<verb>গলি</verb>
<verb>গলে</verb>
<verb>গলো</verb>
<verb>গল্</verb>
<adv>গহন</adv>
<noun>গাঁ</noun>
<noun>গাং</noun>
<verb>গাই</verb>
<verb>গাও</verb>
<verb>গাক</verb>
<noun>গাঙ</noun>
<noun>গাছ</noun>
<verb>গাড়</verb>
<verb>গাড়</verb>
<noun>গাদ</noun>
<verb>গান</verb>
<adv>গাপ</adv>
<verb>গাব</verb>
<verb>গায়</verb>
<verb>গাল</verb>
<verb>গাল</verb>
<verb>গাস</verb>
<verb>গাহ</verb>
<verb>গিল</verb>
<adv>গীত</adv>
<noun>গুড়</noun>
<noun>গুণ</noun>
<verb>গুন</verb>
<adj>গুম</adj>
<adj>গুম</adj>
<verb>গুল</verb>
<noun>গুহ</noun>
<noun>গৃহ</noun>
<verb>গেছ</verb>
<noun>গেট</noun>
<adv>গেয়</adv>
<verb>গেল</verb>
<verb>গেল</verb>
<noun>গোঁ</noun>
<noun>গোচ</noun>
<noun>গোছ</noun>
<noun>গোঠ</noun>
<noun>গোড়</noun>
<noun>গোদ</noun>
<verb>গোন</verb>
<verb>গোন</verb>
<noun>গোপ</noun>
<noun>গোর</noun>
<verb>গোল</verb>
<verb>গোল</verb>
<noun>গৌড়</noun>
<adv>গৌণ</adv>
<adv>গৌর</adv>
<noun>ঘটক</noun>
<verb>ঘটছ</verb>
<verb>ঘটত</verb>
<noun>ঘটন</noun>
<verb>ঘটব</verb>
<verb>ঘটল</verb>
<verb>ঘটা</verb>
<verb>ঘটি</verb>
<noun>ঘটী</noun>
<verb>ঘটে</verb>
<verb>ঘটো</verb>
<noun>ঘড়া</noun>
<noun>ঘড়ি</noun>
<verb>ঘনা</verb>
<verb>ঘষছ</verb>
<verb>ঘষত</verb>
<verb>ঘষব</verb>
<verb>ঘষল</verb>
<verb>ঘষা</verb>
<verb>ঘষি</verb>
<verb>ঘষে</verb>
<verb>ঘষো</verb>
<noun>ঘাই</noun>
<noun>ঘাট</noun>
<noun>ঘাড়</noun>
<noun>ঘাত</noun>
<noun>ঘাম</noun>
<adv>ঘাল</adv>
<noun>ঘাস</noun>
<verb>ঘির</verb>
<verb>ঘুচ</verb>
<noun>ঘুণ</noun>
<noun>ঘুম</noun>
<verb>ঘুর</verb>
<noun>ঘুষ</noun>
<noun>ঘুস</noun>
<noun>ঘৃত</noun>
<adj>ঘেউ</adj>
<verb>ঘের</verb>
<verb>ঘের</verb>
<noun>ঘোগ</noun>
<verb>ঘোচ</verb>
<verb>ঘোচ</verb>
<noun>ঘোপ</noun>
<verb>ঘোর</verb>
<verb>ঘোর</verb>
<noun>ঘোল</noun>
<verb>ঘোষ</verb>
<verb>ঘোষ</verb>
<noun>চকা</noun>
<noun>চকী</noun>
<noun>চখা</noun>
<noun>চখী</noun>
<noun>চটক</noun>
<verb>চটছ</verb>
<verb>চটত</verb>
<verb>চটব</verb>
<verb>চটল</verb>
<verb>চটা</verb>
<verb>চটি</verb>
<noun>চটু</noun>
<verb>চটে</verb>
<verb>চটো</verb>
<noun>চড়ক</noun>
<noun>চড়ন</noun>
<verb>চড়া</verb>
<noun>চণক</noun>
<adv>চপল</adv>
<noun>চমক</noun>
<noun>চমর</noun>
<noun>চমস</noun>
<noun>চমূ</noun>
<noun>চয়ন</noun>
<noun>চরক</noun>
<verb>চরছ</verb>
<noun>চরণ</noun>
<verb>চরত</verb>
<verb>চরব</verb>
<adv>চরম</adv>
<verb>চরল</verb>
<noun>চরস</noun>
<verb>চরা</verb>
<verb>চরি</verb>
<noun>চরু</noun>
<verb>চরে</verb>
<verb>চরো</verb>
<verb>চলছ</verb>
<verb>চলত</verb>
<adv>চলত</adv>
<noun>চলন</noun>
<verb>চলব</verb>
<verb>চলল</verb>
<verb>চলা</verb>
<verb>চলি</verb>
<verb>চলে</verb>
<verb>চলো</verb>
<noun>চষক</noun>
<verb>চষছ</verb>
<verb>চষত</verb>
<verb>চষব</verb>
<verb>চষল</verb>
<verb>চষা</verb>
<verb>চষি</verb>
<verb>চষে</verb>
<verb>চষো</verb>
<verb>চসা</verb>
<verb>চাই</verb>
<verb>চাও</verb>
<verb>চাক</verb>
<verb>চাখ</verb>
<verb>চাখ</verb>
<noun>চাঙ</noun>
<verb>চাট</verb>
<verb>চাট</verb>
<noun>চাড়</noun>
<verb>চান</verb>
<verb>চাপ</verb>
<verb>চাপ</verb>
<verb>চাব</verb>
<verb>চায়</verb>
<adv>চার</adv>
<verb>চাল</verb>
<verb>চাল</verb>
<noun>চাষ</noun>
<verb>চাস</verb>
<verb>চাহ</verb>
<adj>চিঁ</adj>
<noun>চিক</noun>
<noun>চিজ</noun>
<noun>চিট</noun>
<noun>চিড়</noun>
<adv>চিত</adv>
<adv>চিত</adv>
<verb>চিন</verb>
<verb>চির</verb>
<noun>চিল</noun>
<noun>চীজ</noun>
<noun>চীন</noun>
<noun>চীর</noun>
<verb>চুই</verb>
<verb>চুক</verb>
<adv>চুণ</adv>
<verb>চুন</verb>
<adj>চুপ</adj>
<adv>চুর</adv>
<noun>চুল</noun>
<verb>চুষ</verb>
<verb>চুস</verb>
<noun>চূড়</noun>
<noun>চূত</noun>
<noun>চূর</noun>
<noun>চেং</noun>
<adv>চেক</adv>
<noun>চেঙ</noun>
<verb>চেন</verb>
<verb>চেন</verb>
<adv>চেয়</adv>
<verb>চের</verb>
<verb>চের</verb>
<noun>চেল</noun>
<noun>চৈত</noun>
<adv>চৈন</adv>
<adj>চোঁ</adj>
<verb>চোও</verb>
<verb>চোক</verb>
<verb>চোক</verb>
<noun>চোখ</noun>
<noun>চোঙ</noun>
<noun>চোট</noun>
<noun>চোত</noun>
<verb>চোন</verb>
<adj>চোপ</adj>
<verb>চোয়</verb>
<noun>চোর</noun>
<noun>চোল</noun>
<verb>চোষ</verb>
<verb>চোষ</verb>
<noun>চৌথ</noun>
<noun>চৌর</noun>
<adv>ছটা</adv>
<adv>ছটি</adv>
<adv>ছউই</adv>
<verb>ছকা</verb>
<adv>ছজন</adv>
<adv>ছটা</adv>
<adv>ছটি</adv>
<verb>ছড়ছ</verb>
<verb>ছড়ত</verb>
<verb>ছড়ব</verb>
<verb>ছড়ল</verb>
<verb>ছড়া</verb>
<verb>ছড়ি</verb>
<verb>ছড়ে</verb>
<verb>ছড়ো</verb>
<noun>ছবি</noun>
<noun>ছলন</noun>
<noun>ছলা</noun>
<verb>ছাই</verb>
<verb>ছাও</verb>
<verb>ছাক</verb>
<noun>ছাগ</noun>
<noun>ছাট</noun>
<verb>ছাড়</verb>
<verb>ছাড়</verb>
<noun>ছাত</noun>
<noun>ছাদ</noun>
<verb>ছান</verb>
<verb>ছাপ</verb>
<verb>ছাপ</verb>
<verb>ছাব</verb>
<verb>ছায়</verb>
<adv>ছার</adv>
<noun>ছাল</noun>
<verb>ছাস</verb>
<verb>ছাহ</verb>
<adv>ছিট</adv>
<noun>ছিপ</noun>
<verb>ছিল</verb>
<verb>ছুট</verb>
<verb>ছুড়</verb>
<noun>ছুত</noun>
<noun>ছুত</noun>
<verb>ছুল</verb>
<noun>ছেদ</noun>
<noun>ছেপ</noun>
<verb>ছোঁ</verb>
<verb>ছোট</verb>
<verb>ছোট</verb>
<verb>ছোড়</verb>
<verb>ছোড়</verb>
<noun>ছোপ</noun>
<verb>ছোল</verb>
<verb>ছোল</verb>
<adv>জখম</adv>
<noun>জগত</noun>
<noun>জঘন</noun>
<noun>জটা</noun>
<adv>জটী</adv>
<noun>জঠর</noun>
<verb>জড়া</verb>
<noun>জড়ি</noun>
<adv>জড়ো</adv>
<noun>জতু</noun>
<adv>জনক</adv>
<noun>জনন</noun>
<noun>জনম</noun>
<noun>জনা</noun>
<verb>জপছ</verb>
<verb>জপত</verb>
<noun>জপন</noun>
<verb>জপব</verb>
<verb>জপল</verb>
<verb>জপা</verb>
<verb>জপি</verb>
<verb>জপে</verb>
<verb>জপো</verb>
<adv>জবর</adv>
<noun>জবা</noun>
<noun>জমক</noun>
<verb>জমছ</verb>
<verb>জমত</verb>
<verb>জমব</verb>
<verb>জমল</verb>
<verb>জমা</verb>
<verb>জমি</verb>
<verb>জমে</verb>
<verb>জমো</verb>
<noun>জয়া</noun>
<adv>জয়ী</adv>
<adv>জরঠ</adv>
<adv>জরত</adv>
<adv>জরদ</adv>
<verb>জরা</verb>
<noun>জরি</noun>
<noun>জরু</noun>
<adv>জলজ</adv>
<noun>জলদ</noun>
<adv>জলা</adv>
<adv>জলো</adv>
<noun>জহর</noun>
<noun>জাং</noun>
<noun>জাউ</noun>
<verb>জাগ</verb>
<verb>জাগ</verb>
<noun>জাট</noun>
<noun>জাঠ</noun>
<noun>জাড়</noun>
<adv>জাত</adv>
<verb>জান</verb>
<verb>জান</verb>
<adv>জাপ</adv>
<noun>জাব</noun>
<noun>জাম</noun>
<noun>জায়</noun>
<verb>জার</verb>
<verb>জার</verb>
<verb>জাল</verb>
<verb>জাল</verb>
<noun>জিউ</noun>
<verb>জিত</verb>
<noun>জিদ</noun>
<adv>জিন</adv>
<noun>জিব</noun>
<noun>জিভ</noun>
<noun>জীউ</noun>
<noun>জীপ</noun>
<verb>জীব</verb>
<noun>জীর</noun>
<noun>জুজ</noun>
<verb>জুট</verb>
<verb>জুড়</verb>
<verb>জুত</verb>
<noun>জুত</noun>
<noun>জুন</noun>
<noun>জুম</noun>
<noun>জুস</noun>
<noun>জূট</noun>
<noun>জূষ</noun>
<verb>জেত</verb>
<verb>জেত</verb>
<noun>জেদ</noun>
<noun>জেব</noun>
<adv>জেয়</adv>
<noun>জের</noun>
<noun>জেল</noun>
<noun>জৈন</noun>
<adv>জৈব</adv>
<noun>জোক</noun>
<noun>জোখ</noun>
<verb>জোট</verb>
<verb>জোট</verb>
<verb>জোড়</verb>
<verb>জোড়</verb>
<verb>জোত</verb>
<verb>জোত</verb>
<adv>জোর</adv>
<adv>ঝড়ো</adv>
<adj>ঝমর</adj>
<verb>ঝরছ</verb>
<verb>ঝরত</verb>
<verb>ঝরব</verb>
<verb>ঝরল</verb>
<verb>ঝরা</verb>
<verb>ঝরি</verb>
<verb>ঝরে</verb>
<verb>ঝরো</verb>
<noun>ঝলক</noun>
<adj>ঝাঁ</adj>
<noun>ঝাউ</noun>
<verb>ঝাড়</verb>
<verb>ঝাড়</verb>
<verb>ঝাল</verb>
<verb>ঝাল</verb>
<adv>ঝিম</adv>
<noun>ঝিল</noun>
<adj>ঝুপ</adj>
<adj>ঝুপ</adj>
<verb>ঝুল</verb>
<noun>ঝোপ</noun>
<verb>ঝোল</verb>
<verb>ঝোল</verb>
<verb>টকছ</verb>
<verb>টকত</verb>
<verb>টকব</verb>
<verb>টকল</verb>
<verb>টকা</verb>
<verb>টকি</verb>
<verb>টকে</verb>
<verb>টকো</verb>
<noun>টগর</noun>
<noun>টনক</noun>
<verb>টলছ</verb>
<verb>টলত</verb>
<noun>টলন</noun>
<verb>টলব</verb>
<verb>টলল</verb>
<verb>টলা</verb>
<verb>টলি</verb>
<verb>টলে</verb>
<verb>টলো</verb>
<noun>টহল</noun>
<noun>টাই</noun>
<adv>টাক</adv>
<noun>টাট</noun>
<verb>টান</verb>
<verb>টান</verb>
<noun>টাল</noun>
<verb>টিক</verb>
<adj>টিক</adj>
<noun>টিন</noun>
<verb>টিপ</verb>
<noun>টুঁ</noun>
<adj>টুং</adj>
<verb>টুক</verb>
<adj>টুক</adj>
<adj>টুন</adj>
<adj>টুপ</adj>
<noun>টুল</noun>
<adj>টুস</adj>
<verb>টেক</verb>
<verb>টেক</verb>
<verb>টেপ</verb>
<verb>টেপ</verb>
<noun>টের</noun>
<verb>টোক</verb>
<verb>টোক</verb>
<noun>টোপ</noun>
<noun>টোল</noun>
<verb>ঠকছ</verb>
<verb>ঠকত</verb>
<verb>ঠকব</verb>
<verb>ঠকল</verb>
<verb>ঠকা</verb>
<verb>ঠকি</verb>
<verb>ঠকে</verb>
<verb>ঠকো</verb>
<noun>ঠগী</noun>
<noun>ঠমক</noun>
<noun>ঠাট</noun>
<noun>ঠান</noun>
<noun>ঠাম</noun>
<adj>ঠায়</adj>
<noun>ঠার</noun>
<verb>ঠাস</verb>
<adj>ঠুং</adj>
<verb>ঠুক</verb>
<verb>ঠুস</verb>
<noun>ঠেং</noun>
<verb>ঠেক</verb>
<verb>ঠেক</verb>
<verb>ঠেল</verb>
<verb>ঠেল</verb>
<verb>ঠেস</verb>
<verb>ঠেস</verb>
<verb>ঠোক</verb>
<verb>ঠোস</verb>
<verb>ঠোস</verb>
<noun>ডগা</noun>
<noun>ডজন</noun>
<adv>ডবল</adv>
<verb>ডরা</verb>
<verb>ডলছ</verb>
<verb>ডলত</verb>
<noun>ডলন</noun>
<verb>ডলব</verb>
<verb>ডলল</verb>
<verb>ডলা</verb>
<verb>ডলি</verb>
<verb>ডলে</verb>
<verb>ডলো</verb>
<verb>ডাক</verb>
<verb>ডাক</verb>
<noun>ডাব</noun>
<noun>ডাল</noun>
<noun>ডিম</noun>
<noun>ডিশ</noun>
<verb>ডুব</verb>
<noun>ডুম</noun>
<noun>ডেক</noun>
<noun>ডেগ</noun>
<noun>ডোজ</noun>
<verb>ডোব</verb>
<verb>ডোব</verb>
<noun>ডোম</noun>
<noun>ডোর</noun>
<noun>ডোল</noun>
<noun>ডৌল</noun>
<adv>ঢঙী</adv>
<adj>ঢপ্</adj>
<verb>ঢলছ</verb>
<verb>ঢলত</verb>
<verb>ঢলব</verb>
<verb>ঢলল</verb>
<verb>ঢলা</verb>
<verb>ঢলি</verb>
<verb>ঢলে</verb>
<verb>ঢলো</verb>
<verb>ঢল্</verb>
<verb>ঢাক</verb>
<verb>ঢাল</verb>
<verb>ঢাল</verb>
<adv>ঢিট</adv>
<adj>ঢিপ</adj>
<noun>ঢিল</noun>
<noun>ঢুঁ</noun>
<verb>ঢুক</verb>
<verb>ঢুল</verb>
<noun>ঢেউ</noun>
<adv>ঢের</adv>
<verb>ঢোক</verb>
<verb>ঢোল</verb>
<verb>ঢোল</verb>
<noun>ণিচ</noun>
<noun>তখত</noun>
<adj>তখন</adj>
<noun>তখত</noun>
<adj>তথা</adj>
<adj>তদা</adj>
<noun>তনয়</noun>
<noun>তনু</noun>
<noun>তনূ</noun>
<noun>তপঃ</noun>
<noun>তপন</noun>
<noun>তবক</noun>
<adj>তবু</adj>
<adj>তবে</adj>
<noun>তমঃ</noun>
<noun>তমস</noun>
<noun>তরণ</noun>
<noun>তরফ</noun>
<adv>তরল</adv>
<verb>তরা</verb>
<noun>তরি</noun>
<noun>তরী</noun>
<noun>তরু</noun>
<adj>তরে</adj>
<adv>তরো</adv>
<noun>তলব</noun>
<verb>তলা</verb>
<noun>তলি</noun>
<noun>তলী</noun>
<noun>তসর</noun>
<noun>তাং</noun>
<adj>তাই</adj>
<adj>তাও</adj>
<noun>তাক</noun>
<noun>তাগ</noun>
<noun>তাজ</noun>
<noun>তাড়</noun>
<verb>তাত</verb>
<verb>তাত</verb>
<noun>তান</noun>
<noun>তাপ</noun>
<adj>তায়</adj>
<pron>তার</pron>
<noun>তাল</noun>
<noun>তাস</noun>
<noun>তিঙ</noun>
<adv>তিত</adv>
<adv>তিন</adv>
<adv>তিল</adv>
<noun>তীর</noun>
<pron>তুই</pron>
<noun>তুক</noun>
<noun>তুত</noun>
<noun>তুল</noun>
<noun>তুষ</noun>
<noun>তুস</noun>
<noun>তূণ</noun>
<noun>তূল</noun>
<noun>তৃণ</noun>
<noun>তেজ</noun>
<noun>তেড়</noun>
<adj>তেন</adj>
<adv>তের</adv>
<noun>তেল</noun>
<noun>তৈল</noun>
<noun>তোড়</noun>
<noun>তোপ</noun>
<noun>তোয়</noun>
<pron>তোর</pron>
<noun>তোল</noun>
<noun>তোষ</noun>
<noun>তৌল</noun>
<verb>থকছ</verb>
<verb>থকত</verb>
<verb>থকব</verb>
<verb>থকল</verb>
<verb>থকা</verb>
<verb>থকি</verb>
<verb>থকে</verb>
<verb>থকো</verb>
<noun>থমক</noun>
<noun>থলি</noun>
<noun>থলী</noun>
<noun>থলে</noun>
<verb>থাক</verb>
<verb>থাক</verb>
<adv>থান</adv>
<verb>থাম</verb>
<adv>থির</adv>
<adj>থুঃ</adj>
<verb>থুই</verb>
<verb>থুক</verb>
<verb>থুত</verb>
<verb>থুন</verb>
<adj>থুপ</adj>
<verb>থুল</verb>
<verb>থুস</verb>
<verb>থোও</verb>
<noun>থোক</noun>
<noun>থোড়</noun>
<verb>থোন</verb>
<noun>থোপ</noun>
<verb>থোব</verb>
<verb>থোয়</verb>
<noun>দংশ</noun>
<noun>দখল</noun>
<noun>দড়া</noun>
<noun>দড়ি</noun>
<noun>দধি</noun>
<noun>দফা</noun>
<adj>দফে</adj>
<adv>দমক</adv>
<verb>দমছ</verb>
<verb>দমত</verb>
<adv>দমন</adv>
<verb>দমব</verb>
<verb>দমল</verb>
<verb>দমা</verb>
<verb>দমি</verb>
<adv>দমী</adv>
<verb>দমে</verb>
<verb>দমো</verb>
<noun>দয়া</noun>
<noun>দরদ</noun>
<noun>দরশ</noun>
<noun>দরি</noun>
<noun>দরী</noun>
<verb>দলছ</verb>
<verb>দলত</verb>
<adv>দলন</adv>
<verb>দলব</verb>
<verb>দলল</verb>
<verb>দলা</verb>
<verb>দলি</verb>
<verb>দলে</verb>
<verb>দলো</verb>
<adv>দশই</adv>
<noun>দশক</noun>
<noun>দশন</noun>
<adv>দশম</adv>
<noun>দশা</noun>
<noun>দহন</noun>
<verb>দহা</verb>
<verb>দহি</verb>
<verb>দহে</verb>
<noun>দাঁ</noun>
<noun>দাই</noun>
<verb>দাও</verb>
<verb>দাগ</verb>
<verb>দাগ</verb>
<noun>দাদ</noun>
<noun>দান</noun>
<noun>দাপ</noun>
<verb>দাব</verb>
<verb>দাব</verb>
<noun>দাম</noun>
<noun>দায়</noun>
<noun>দার</noun>
<noun>দাল</noun>
<noun>দাশ</noun>
<noun>দাস</noun>
<noun>দাহ</noun>
<verb>দিই</verb>
<verb>দিও</verb>
<verb>দিক</verb>
<noun>দিক</noun>
<verb>দিত</verb>
<verb>দিন</verb>
<verb>দিব</verb>
<verb>দিল</verb>
<noun>দিল</noun>
<verb>দিস</verb>
<adv>দীন</adv>
<noun>দীপ</noun>
<adj>দুঃ</adj>
<verb>দুই</verb>
<adj>দুও</adj>
<verb>দুক</verb>
<noun>দুখ</noun>
<adj>দুত</adj>
<noun>দুধ</noun>
<verb>দুন</verb>
<adj>দুপ</adj>
<adj>দুপ</adj>
<adj>দুম</adj>
<adj>দুম</adj>
<verb>দুল</verb>
<verb>দুষ</verb>
<verb>দুস</verb>
<verb>দুহ</verb>
<noun>দূত</noun>
<adj>দূর</adj>
<noun>দৃক</noun>
<verb>দেখ</verb>
<verb>দেখ</verb>
<adv>দেড়</adv>
<verb>দেন</verb>
<verb>দেব</verb>
<verb>দেয়</verb>
<noun>দেশ</noun>
<noun>দেহ</noun>
<adv>দৈব</adv>
<verb>দোও</verb>
<verb>দোন</verb>
<verb>দোয়</verb>
<noun>দোর</noun>
<verb>দোল</verb>
<verb>দোল</verb>
<verb>দোষ</verb>
<verb>দোষ</verb>
<verb>দোহ</verb>
<noun>দৌড়</noun>
<noun>ধকল</noun>
<noun>ধড়া</noun>
<adv>ধনদ</adv>
<adv>ধনী</adv>
<noun>ধনু</noun>
<noun>ধনে</noun>
<adv>ধবল</adv>
<noun>ধমক</noun>
<verb>ধরছ</verb>
<noun>ধরণ</noun>
<verb>ধরত</verb>
<noun>ধরন</noun>
<verb>ধরব</verb>
<noun>ধরম</noun>
<verb>ধরল</verb>
<verb>ধরা</verb>
<verb>ধরি</verb>
<verb>ধরে</verb>
<verb>ধরো</verb>
<adv>ধলা</adv>
<adv>ধলো</adv>
<verb>ধসছ</verb>
<verb>ধসত</verb>
<noun>ধসন</noun>
<verb>ধসব</verb>
<verb>ধসল</verb>
<verb>ধসা</verb>
<verb>ধসি</verb>
<verb>ধসে</verb>
<verb>ধসো</verb>
<adj>ধাঁ</adj>
<verb>ধাই</verb>
<verb>ধাও</verb>
<verb>ধাক</verb>
<noun>ধাত</noun>
<verb>ধান</verb>
<noun>ধাপ</noun>
<noun>ধাম</noun>
<verb>ধায়</verb>
<verb>ধার</verb>
<verb>ধার</verb>
<verb>ধাস</verb>
<adj>ধিক</adj>
<adv>ধীর</adv>
<verb>ধুই</verb>
<verb>ধুক</verb>
<verb>ধুত</verb>
<adj>ধুত</adj>
<verb>ধুন</verb>
<adj>ধুপ</adj>
<adv>ধুম</adv>
<adj>ধুম</adj>
<noun>ধুর</noun>
<verb>ধুল</verb>
<verb>ধুস</verb>
<noun>ধূপ</noun>
<noun>ধূম</noun>
<adv>ধৃত</adv>
<adj>ধেত</adj>
<adv>ধেয়</adv>
<verb>ধোও</verb>
<verb>ধোন</verb>
<adv>ধোপ</adv>
<verb>ধোব</verb>
<verb>ধোয়</verb>
<adv>ধৌত</adv>
<adv>নউই</adv>
<noun>নকর</noun>
<adv>নকল</adv>
<noun>নখর</noun>
<adv>নখী</adv>
<adv>নগদ</adv>
<noun>নগর</noun>
<adv>নজন</adv>
<noun>নজর</noun>
<adv>নটা</adv>
<adv>নটি</adv>
<noun>নটী</noun>
<noun>নটে</noun>
<verb>নড়ছ</verb>
<verb>নড়ত</verb>
<noun>নড়ন</noun>
<verb>নড়ব</verb>
<verb>নড়ল</verb>
<verb>নড়া</verb>
<verb>নড়ি</verb>
<verb>নড়ে</verb>
<verb>নড়ো</verb>
<noun>নতি</noun>
<noun>নথি</noun>
<noun>নদী</noun>
<adv>নধর</adv>
<noun>ননদ</noun>
<noun>ননি</noun>
<noun>ননী</noun>
<noun>নফর</noun>
<adv>নবম</adv>
<adv>নবল</adv>
<noun>নবী</noun>
<noun>নভঃ</noun>
<noun>নমঃ</noun>
<noun>নমন</noun>
<noun>নমো</noun>
<verb>নয়ক</verb>
<verb>নয়ত</verb>
<noun>নয়ন</noun>
<adv>নয়া</adv>
<noun>নরক</noun>
<adv>নরম</adv>
<adv>নরী</adv>
<adv>নলা</adv>
<noun>নলি</noun>
<noun>নলী</noun>
<noun>নহর</noun>
<verb>নহি</verb>
<verb>নহে</verb>
<adj>নাঃ</adj>
<verb>নাই</verb>
<verb>নাও</verb>
<verb>নাক</verb>
<noun>নাগ</noun>
<verb>নাচ</verb>
<verb>নাচ</verb>
<noun>নাট</noun>
<verb>নাড়</verb>
<verb>নাড়</verb>
<noun>নাথ</noun>
<noun>নাদ</noun>
<verb>নান</verb>
<verb>নাব</verb>
<verb>নাব</verb>
<verb>নাম</verb>
<verb>নায়</verb>
<noun>নাল</noun>
<noun>নাশ</noun>
<verb>নাস</verb>
<verb>নাহ</verb>
<verb>নিই</verb>
<verb>নিও</verb>
<verb>নিক</verb>
<adv>নিচ</adv>
<pron>নিজ</pron>
<adv>নিট</adv>
<verb>নিত</verb>
<noun>নিদ</noun>
<verb>নিন</verb>
<verb>নিব</verb>
<noun>নিব</noun>
<verb>নিভ</verb>
<noun>নিম</noun>
<verb>নিল</verb>
<verb>নিস</verb>
<adv>নীচ</adv>
<noun>নীড়</noun>
<adv>নীত</adv>
<noun>নীপ</noun>
<noun>নীর</noun>
<adv>নীল</adv>
<verb>নুই</verb>
<verb>নুক</verb>
<verb>নুন</verb>
<noun>নুর</noun>
<verb>নুস</verb>
<noun>নূর</noun>
<noun>নৃপ</noun>
<verb>নেই</verb>
<noun>নেড়</noun>
<verb>নেন</verb>
<verb>নেব</verb>
<verb>নেব</verb>
<verb>নেভ</verb>
<verb>নেভ</verb>
<verb>নেয়</verb>
<adv>নৈশ</adv>
<verb>নোও</verb>
<noun>নোট</noun>
<verb>নোন</verb>
<verb>নোয়</verb>
<noun>পড়ো</noun>
<verb>পচছ</verb>
<verb>পচত</verb>
<noun>পচন</noun>
<verb>পচব</verb>
<verb>পচল</verb>
<verb>পচা</verb>
<verb>পচি</verb>
<verb>পচে</verb>
<verb>পচো</verb>
<verb>পটছ</verb>
<verb>পটত</verb>
<verb>পটব</verb>
<verb>পটল</verb>
<noun>পটহ</noun>
<verb>পটা</verb>
<verb>পটি</verb>
<adv>পটু</adv>
<verb>পটে</verb>
<verb>পটো</verb>
<noun>পঠন</noun>
<verb>পড়ছ</verb>
<verb>পড়ত</verb>
<verb>পড়ব</verb>
<verb>পড়ল</verb>
<verb>পড়া</verb>
<verb>পড়ি</verb>
<verb>পড়ে</verb>
<verb>পড়ো</verb>
<noun>পণন</noun>
<noun>পতগ</noun>
<noun>পতন</noun>
<noun>পতি</noun>
<noun>পদক</noun>
<adv>পনর</adv>
<noun>পনস</noun>
<noun>পবন</noun>
<noun>পয়ঃ</noun>
<adv>পয়া</adv>
<noun>পরখ</noun>
<verb>পরছ</verb>
<noun>পরজ</noun>
<verb>পরত</verb>
<noun>পরন</noun>
<verb>পরব</verb>
<adv>পরম</adv>
<verb>পরল</verb>
<verb>পরা</verb>
<verb>পরি</verb>
<noun>পরী</noun>
<verb>পরে</verb>
<verb>পরো</verb>
<noun>পলক</noun>
<noun>পলল</noun>
<verb>পলা</verb>
<noun>পলি</noun>
<noun>পলু</noun>
<noun>পশম</noun>
<noun>পশু</noun>
<verb>পাই</verb>
<verb>পাও</verb>
<verb>পাক</verb>
<verb>পাক</verb>
<noun>পাখ</noun>
<noun>পাছ</noun>
<noun>পাট</noun>
<noun>পাঠ</noun>
<verb>পাড়</verb>
<verb>পাড়</verb>
<verb>পাত</verb>
<verb>পাত</verb>
<noun>পাদ</noun>
<verb>পান</verb>
<noun>পাপ</noun>
<verb>পাব</verb>
<verb>পায়</verb>
<verb>পার</verb>
<verb>পার</verb>
<noun>পাল</noun>
<noun>পাশ</noun>
<verb>পাস</verb>
<noun>পিক</noun>
<noun>পিচ</noun>
<noun>পিছ</noun>
<verb>পিট</verb>
<noun>পিঠ</noun>
<noun>পিন</noun>
<noun>পিল</noun>
<verb>পিষ</verb>
<noun>পীচ</noun>
<noun>পীঠ</noun>
<adv>পীত</adv>
<noun>পীন</noun>
<noun>পীর</noun>
<adj>পুং</adj>
<noun>পুট</noun>
<verb>পুড়</verb>
<noun>পুত</noun>
<adv>পুব</adv>
<verb>পুর</verb>
<noun>পুল</noun>
<verb>পুষ</verb>
<adv>পূত</adv>
<adv>পূব</adv>
<noun>পূর</noun>
<verb>পেট</verb>
<verb>পেট</verb>
<verb>পেত</verb>
<noun>পেন</noun>
<adv>পেয়</adv>
<verb>পেল</verb>
<noun>পেশ</noun>
<verb>পেষ</verb>
<verb>পেষ</verb>
<adj>পোঁ</adj>
<verb>পোড়</verb>
<verb>পোড়</verb>
<noun>পোত</noun>
<noun>পোপ</noun>
<verb>পোর</verb>
<verb>পোর</verb>
<noun>পোল</noun>
<verb>পোষ</verb>
<verb>পোষ</verb>
<noun>পৌর</noun>
<noun>পৌষ</noun>
<noun>ফটক</noun>
<noun>ফটো</noun>
<noun>ফড়ে</noun>
<noun>ফণা</noun>
<noun>ফণী</noun>
<noun>ফতে</noun>
<adv>ফতো</adv>
<adv>ফরক</adv>
<noun>ফরম</noun>
<noun>ফলক</noun>
<verb>ফলছ</verb>
<verb>ফলত</verb>
<adv>ফলদ</adv>
<noun>ফলন</noun>
<verb>ফলব</verb>
<verb>ফলল</verb>
<verb>ফলা</verb>
<verb>ফলি</verb>
<verb>ফলে</verb>
<verb>ফলো</verb>
<noun>ফসল</noun>
<noun>ফাউ</noun>
<noun>ফাও</noun>
<noun>ফাগ</noun>
<verb>ফাট</verb>
<verb>ফাট</verb>
<noun>ফাল</noun>
<adj>ফিক</adj>
<adv>ফিট</adv>
<verb>ফির</verb>
<noun>ফুঁ</noun>
<adj>ফুক</adj>
<verb>ফুট</verb>
<verb>ফুল</verb>
<noun>ফেউ</noun>
<noun>ফেন</noun>
<verb>ফের</verb>
<verb>ফের</verb>
<verb>ফেল</verb>
<verb>ফেল</verb>
<verb>ফোট</verb>
<verb>ফোট</verb>
<noun>ফোন</noun>
<verb>ফোল</verb>
<verb>ফোল</verb>
<noun>ফৌজ</noun>
<adv>ফৌত</adv>
<noun>বংশ</noun>
<verb>বইও</verb>
<verb>বইছ</verb>
<verb>বইত</verb>
<verb>বইব</verb>
<verb>বইল</verb>
<verb>বকছ</verb>
<verb>বকত</verb>
<verb>বকব</verb>
<verb>বকল</verb>
<verb>বকা</verb>
<verb>বকি</verb>
<verb>বকে</verb>
<verb>বকো</verb>
<verb>বখছ</verb>
<verb>বখত</verb>
<verb>বখব</verb>
<verb>বখল</verb>
<verb>বখা</verb>
<verb>বখি</verb>
<verb>বখে</verb>
<verb>বখো</verb>
<noun>বগল</noun>
<noun>বগা</noun>
<adv>বগি</adv>
<noun>বচন</noun>
<noun>বছর</noun>
<noun>বটী</noun>
<adj>বটে</adj>
<noun>বডি</noun>
<noun>বড়া</noun>
<noun>বড়ি</noun>
<noun>বড়ে</noun>
<adj>বড়ো</adj>
<noun>বতস</noun>
<noun>বদন</noun>
<noun>বদর</noun>
<noun>বদল</noun>
<noun>বধূ</noun>
<verb>বনছ</verb>
<adv>বনজ</adv>
<verb>বনত</verb>
<verb>বনব</verb>
<verb>বনল</verb>
<verb>বনা</verb>
<verb>বনি</verb>
<noun>বনে</noun>
<verb>বনো</verb>
<noun>বপন</noun>
<noun>বপু</noun>
<noun>বমন</noun>
<noun>বমি</noun>
<noun>বয়ঃ</noun>
<noun>বয়ন</noun>
<noun>বয়স</noun>
<noun>বয়া</noun>
<verb>বয়ে</verb>
<verb>বয়ো</verb>
<adj>বরং</adj>
<noun>বরজ</noun>
<noun>বরণ</noun>
<adv>বরদ</adv>
<noun>বরফ</noun>
<noun>বলক</noun>
<verb>বলছ</verb>
<verb>বলত</verb>
<adv>বলদ</adv>
<noun>বলন</noun>
<verb>বলব</verb>
<noun>বলয়</noun>
<verb>বলল</verb>
<verb>বলা</verb>
<verb>বলি</verb>
<adv>বলী</adv>
<verb>বলে</verb>
<verb>বলো</verb>
<adj>বশত</adj>
<adv>বশী</adv>
<verb>বসছ</verb>
<verb>বসত</verb>
<noun>বসন</noun>
<verb>বসব</verb>
<verb>বসল</verb>
<verb>বসা</verb>
<verb>বসি</verb>
<noun>বসু</noun>
<verb>বসে</verb>
<verb>বসো</verb>
<noun>বহন</noun>
<noun>বহর</noun>
<verb>বহা</verb>
<verb>বহি</verb>
<adv>বহু</adv>
<verb>বহে</verb>
<adv>বাঁ</adv>
<adj>বাঃ</adj>
<verb>বাই</verb>
<noun>বাঈ</noun>
<verb>বাও</verb>
<verb>বাক</verb>
<noun>বাক</noun>
<noun>বাগ</noun>
<noun>বাঘ</noun>
<noun>বাচ</noun>
<verb>বাছ</verb>
<verb>বাছ</verb>
<verb>বাজ</verb>
<verb>বাজ</verb>
<verb>বাট</verb>
<verb>বাট</verb>
<verb>বাড়</verb>
<verb>বাড়</verb>
<noun>বাণ</noun>
<noun>বাত</noun>
<noun>বাদ</noun>
<verb>বাধ</verb>
<verb>বাধ</verb>
<verb>বান</verb>
<noun>বাপ</noun>
<adj>বাপ</adj>
<adv>বাম</adv>
<verb>বায়</verb>
<adv>বার</adv>
<noun>বাল</noun>
<verb>বাস</verb>
<verb>বাস</verb>
<verb>বাহ</verb>
<noun>বিট</noun>
<noun>বিল</noun>
<adv>বিশ</adv>
<noun>বিষ</noun>
<noun>বীজ</noun>
<noun>বীট</noun>
<adv>বীত</adv>
<noun>বীন</noun>
<noun>বীম</noun>
<adv>বীর</adv>
<noun>বুক</noun>
<verb>বুজ</verb>
<verb>বুঝ</verb>
<noun>বুট</noun>
<verb>বুড়</verb>
<noun>বুথ</noun>
<noun>বুধ</noun>
<verb>বুন</verb>
<noun>বৃক</noun>
<adv>বৃত</adv>
<noun>বৃষ</noun>
<noun>বেং</noun>
<noun>বেগ</noun>
<noun>বেঙ</noun>
<verb>বেচ</verb>
<verb>বেচ</verb>
<noun>বেড়</noun>
<noun>বেত</noun>
<noun>বেদ</noun>
<noun>বেধ</noun>
<adv>বের</adv>
<verb>বেল</verb>
<verb>বেল</verb>
<adj>বেশ</adj>
<adv>বৈধ</adv>
<noun>বৈর</noun>
<adj>বোঁ</adj>
<verb>বোজ</verb>
<verb>বোজ</verb>
<verb>বোঝ</verb>
<verb>বোঝ</verb>
<noun>বোট</noun>
<noun>বোধ</noun>
<verb>বোন</verb>
<verb>বোন</verb>
<adj>বোম</adj>
<noun>বোল</noun>
<noun>ভইষ</noun>
<noun>ভইস</noun>
<verb>ভজছ</verb>
<verb>ভজত</verb>
<noun>ভজন</noun>
<verb>ভজব</verb>
<verb>ভজল</verb>
<verb>ভজা</verb>
<verb>ভজি</verb>
<verb>ভজে</verb>
<verb>ভজো</verb>
<noun>ভড়ং</noun>
<noun>ভড়ক</noun>
<noun>ভবন</noun>
<noun>ভবী</noun>
<adv>ভয়দ</adv>
<verb>ভরছ</verb>
<noun>ভরণ</noun>
<verb>ভরত</verb>
<noun>ভরন</noun>
<verb>ভরব</verb>
<verb>ভরল</verb>
<verb>ভরা</verb>
<verb>ভরি</verb>
<verb>ভরে</verb>
<verb>ভরো</verb>
<noun>ভাং</noun>
<noun>ভাই</noun>
<noun>ভাও</noun>
<verb>ভাগ</verb>
<verb>ভাগ</verb>
<verb>ভাঙ</verb>
<verb>ভাঙ</verb>
<verb>ভাজ</verb>
<verb>ভাজ</verb>
<noun>ভাট</noun>
<noun>ভাত</noun>
<verb>ভান</verb>
<verb>ভান</verb>
<noun>ভাপ</noun>
<verb>ভাব</verb>
<verb>ভাব</verb>
<noun>ভাম</noun>
<adv>ভার</adv>
<adj>ভাল</adj>
<noun>ভাষ</noun>
<verb>ভাস</verb>
<verb>ভাস</verb>
<noun>ভিখ</noun>
<verb>ভিজ</verb>
<verb>ভিড়</verb>
<noun>ভিত</noun>
<adv>ভিন</adv>
<noun>ভিল</noun>
<noun>ভীড়</noun>
<adv>ভীত</adv>
<adv>ভীম</adv>
<noun>ভীল</noun>
<noun>ভুখ</noun>
<verb>ভুগ</verb>
<noun>ভুজ</noun>
<verb>ভুল</verb>
<adj>ভুশ</adj>
<adj>ভুশ</adj>
<adv>ভূত</adv>
<noun>ভূপ</noun>
<adv>ভৃত</adv>
<noun>ভেক</noun>
<noun>ভেখ</noun>
<verb>ভেজ</verb>
<verb>ভেজ</verb>
<noun>ভেট</noun>
<verb>ভেড়</verb>
<verb>ভেড়</verb>
<noun>ভেদ</noun>
<adj>ভোঁ</adj>
<verb>ভোগ</verb>
<verb>ভোগ</verb>
<noun>ভোজ</noun>
<noun>ভোট</noun>
<adv>ভোম</adv>
<adv>ভোর</adv>
<verb>ভোল</verb>
<verb>ভোল</verb>
<adv>ভৌত</adv>
<adv>ভৌম</adv>
<noun>মউল</noun>
<noun>মকর</noun>
<noun>মকশ</noun>
<noun>মগজ</noun>
<noun>মগধ</noun>
<noun>মঘা</noun>
<verb>মজছ</verb>
<verb>মজত</verb>
<verb>মজব</verb>
<verb>মজল</verb>
<verb>মজা</verb>
<verb>মজি</verb>
<verb>মজে</verb>
<verb>মজো</verb>
<noun>মটন</noun>
<noun>মটর</noun>
<noun>মড়ক</noun>
<noun>মড়া</noun>
<noun>মণি</noun>
<verb>মতন</verb>
<noun>মতি</noun>
<verb>মতো</verb>
<adv>মথন</adv>
<noun>মদত</noun>
<noun>মদন</noun>
<adv>মদো</adv>
<noun>মধু</noun>
<noun>মনঃ</noun>
<noun>মনন</noun>
<adv>মনি</adv>
<noun>মনু</noun>
<noun>মমি</noun>
<noun>মরক</noun>
<verb>মরছ</verb>
<noun>মরণ</noun>
<verb>মরত</verb>
<adv>মরদ</adv>
<verb>মরব</verb>
<verb>মরল</verb>
<verb>মরা</verb>
<verb>মরি</verb>
<noun>মরু</noun>
<verb>মরে</verb>
<verb>মরো</verb>
<verb>মলছ</verb>
<verb>মলত</verb>
<verb>মলব</verb>
<noun>মলম</noun>
<noun>মলয়</noun>
<verb>মলল</verb>
<verb>মলা</verb>
<verb>মলি</verb>
<verb>মলে</verb>
<verb>মলো</verb>
<noun>মশক</noun>
<noun>মশা</noun>
<noun>মসি</noun>
<noun>মসী</noun>
<adv>মহত</adv>
<noun>মহল</noun>
<adv>মহা</adv>
<noun>মহি</noun>
<noun>মহী</noun>
<noun>মাই</noun>
<verb>মাখ</verb>
<verb>মাখ</verb>
<verb>মাগ</verb>
<verb>মাগ</verb>
<noun>মাঘ</noun>
<noun>মাছ</noun>
<verb>মাজ</verb>
<verb>মাজ</verb>
<adv>মাঝ</adv>
<adv>মাট</adv>
<noun>মাঠ</noun>
<verb>মাড়</verb>
<verb>মাড়</verb>
<verb>মাত</verb>
<verb>মাত</verb>
<noun>মাত</noun>
<verb>মান</verb>
<verb>মান</verb>
<verb>মাপ</verb>
<verb>মাপ</verb>
<noun>মাফ</noun>
<adj>মায়</adj>
<verb>মার</verb>
<verb>মার</verb>
<noun>মাল</noun>
<noun>মাষ</noun>
<noun>মাস</noun>
<noun>মিঃ</noun>
<adj>মিউ</adj>
<verb>মিট</verb>
<noun>মিড়</noun>
<adv>মিত</adv>
<verb>মিল</verb>
<verb>মিশ</verb>
<adv>মিস</adv>
<noun>মীড়</noun>
<noun>মীন</noun>
<adv>মুখ</adv>
<noun>মুগ</noun>
<verb>মুছ</verb>
<adv>মুঠ</adv>
<verb>মুড়</verb>
<verb>মুত</verb>
<verb>মুদ</verb>
<adv>মূক</adv>
<adv>মূল</adv>
<noun>মূষ</noun>
<noun>মৃগ</noun>
<adv>মৃত</adv>
<noun>মৃত</noun>
<adj>মেও</adj>
<noun>মেঘ</noun>
<adv>মেজ</adv>
<verb>মেট</verb>
<verb>মেট</verb>
<noun>মেদ</noun>
<noun>মেধ</noun>
<noun>মেম</noun>
<adv>মেয়</adv>
<verb>মেল</verb>
<verb>মেল</verb>
<verb>মেশ</verb>
<verb>মেশ</verb>
<noun>মেষ</noun>
<noun>মেস</noun>
<noun>মেহ</noun>
<noun>মোচ</noun>
<verb>মোছ</verb>
<verb>মোছ</verb>
<adv>মোট</adv>
<verb>মোড়</verb>
<verb>মোড়</verb>
<verb>মোত</verb>
<verb>মোত</verb>
<verb>মোদ</verb>
<verb>মোদ</verb>
<noun>মোন</noun>
<noun>মোম</noun>
<pron>মোর</pron>
<noun>মোষ</noun>
<noun>মোহ</noun>
<noun>মৌজ</noun>
<adv>মৌন</adv>
<adv>মৌল</adv>
<adv>যখন</adv>
<noun>যজন</noun>
<pron>যতই</pron>
<noun>যতন</noun>
<noun>যতি</noun>
<noun>যতী</noun>
<pron>যথা</pron>
<adj>যদা</adj>
<adj>যদি</adj>
<noun>যদু</noun>
<noun>যবন</noun>
<adv>যবে</adv>
<adv>যমক</adv>
<adv>যমজ</adv>
<adv>যমী</adv>
<noun>যশঃ</noun>
<verb>যাই</verb>
<verb>যাও</verb>
<verb>যাক</verb>
<noun>যাগ</noun>
<verb>যাচ</verb>
<verb>যাচ</verb>
<noun>যাত</noun>
<verb>যান</verb>
<verb>যাব</verb>
<noun>যাম</noun>
<verb>যায়</verb>
<pron>যার</pron>
<verb>যাস</verb>
<noun>যুগ</noun>
<adv>যুত</adv>
<noun>যুথ</noun>
<noun>যুপ</noun>
<noun>যূষ</noun>
<adv>যেই</adv>
<verb>যেত</verb>
<adj>যেন</adj>
<noun>যোগ</noun>
<adv>যোড়</adv>
<noun>যোত</noun>
<noun>যোধ</noun>
<adv>যৌথ</adv>
<adv>যৌন</adv>
<verb>রয়ে</verb>
<verb>রয়ো</verb>
<verb>রসো</verb>
<verb>রইছ</verb>
<verb>রইত</verb>
<verb>রইব</verb>
<verb>রইল</verb>
<adv>রকম</adv>
<noun>রগড়</noun>
<noun>রঘু</noun>
<noun>রচক</noun>
<noun>রচন</noun>
<verb>রচা</verb>
<noun>রজঃ</noun>
<noun>রজক</noun>
<adv>রজত</adv>
<noun>রজন</noun>
<verb>রটছ</verb>
<verb>রটত</verb>
<noun>রটন</noun>
<verb>রটব</verb>
<verb>রটল</verb>
<verb>রটা</verb>
<verb>রটি</verb>
<verb>রটে</verb>
<verb>রটো</verb>
<noun>রণন</noun>
<noun>রতন</noun>
<noun>রতি</noun>
<noun>রথী</noun>
<noun>রফা</noun>
<verb>রবি</verb>
<verb>রবে</verb>
<verb>রবো</verb>
<noun>রভস</noun>
<adv>রমণ</adv>
<noun>রমা</noun>
<verb>রয়ে</verb>
<verb>রয়ো</verb>
<noun>রশি</noun>
<verb>রসছ</verb>
<verb>রসত</verb>
<noun>রসদ</noun>
<noun>রসন</noun>
<verb>রসব</verb>
<verb>রসল</verb>
<verb>রসা</verb>
<verb>রসি</verb>
<verb>রসে</verb>
<verb>রসো</verb>
<noun>রহম</noun>
<verb>রহা</verb>
<verb>রহি</verb>
<verb>রহে</verb>
<noun>রাং</noun>
<noun>রাই</noun>
<verb>রাখ</verb>
<verb>রাখ</verb>
<verb>রাগ</verb>
<verb>রাগ</verb>
<noun>রাজ</noun>
<noun>রাত</noun>
<adv>রাম</adv>
<adv>রায়</adv>
<noun>রাশ</noun>
<noun>রাস</noun>
<noun>রিং</noun>
<noun>রিঙ</noun>
<noun>রিম</noun>
<noun>রিল</noun>
<noun>রিষ</noun>
<noun>রীম</noun>
<noun>রীল</noun>
<noun>রুই</noun>
<verb>রুখ</verb>
<noun>রুজ</noun>
<verb>রুধ</verb>
<noun>রুল</noun>
<noun>রূজ</noun>
<noun>রূপ</noun>
<noun>রেট</noun>
<noun>রেফ</noun>
<noun>রেল</noun>
<noun>রেশ</noun>
<noun>রেষ</noun>
<adv>রোক</adv>
<verb>রোখ</verb>
<verb>রোখ</verb>
<noun>রোগ</noun>
<adv>রোজ</adv>
<noun>রোড</noun>
<noun>রোদ</noun>
<verb>রোধ</verb>
<verb>রোধ</verb>
<verb>রোপ</verb>
<verb>রোপ</verb>
<noun>রোম</noun>
<noun>রোল</noun>
<noun>রোষ</noun>
<verb>রোস</verb>
<verb>রোস</verb>
<noun>রোহ</noun>
<verb>লইও</verb>
<verb>লইত</verb>
<verb>লইব</verb>
<verb>লইল</verb>
<verb>লইস</verb>
<verb>লউক</verb>
<verb>লউন</verb>
<noun>লগন</noun>
<noun>লগা</noun>
<noun>লগি</noun>
<adv>লঘু</adv>
<verb>লড়ছ</verb>
<verb>লড়ত</verb>
<verb>লড়ব</verb>
<verb>লড়ল</verb>
<verb>লড়া</verb>
<verb>লড়ি</verb>
<verb>লড়ে</verb>
<verb>লড়ো</verb>
<noun>লতা</noun>
<noun>লতি</noun>
<adv>লবণ</adv>
<noun>লবজ</noun>
<noun>লহর</noun>
<noun>লহু</noun>
<noun>লাউ</noun>
<adv>লাখ</adv>
<verb>লাগ</verb>
<verb>লাগ</verb>
<noun>লাজ</noun>
<adv>লাট</adv>
<noun>লাদ</noun>
<noun>লাফ</noun>
<noun>লাভ</noun>
<adv>লাল</adv>
<noun>লাশ</noun>
<noun>লাস</noun>
<verb>লিখ</verb>
<adv>লিপ</adv>
<noun>লীগ</noun>
<verb>লুট</verb>
<noun>লুঠ</noun>
<verb>লুফ</verb>
<noun>লেং</noun>
<noun>লেই</noun>
<verb>লেখ</verb>
<verb>লেখ</verb>
<noun>লেজ</noun>
<adv>লেট</adv>
<verb>লেপ</verb>
<verb>লেপ</verb>
<noun>লেশ</noun>
<noun>লেস</noun>
<noun>লেহ</noun>
<noun>লোক</noun>
<verb>লোট</verb>
<verb>লোট</verb>
<noun>লোধ</noun>
<noun>লোপ</noun>
<verb>লোফ</verb>
<verb>লোফ</verb>
<noun>লোভ</noun>
<noun>লোম</noun>
<adv>লোল</adv>
<adv>লৌহ</adv>
<noun>শকট</noun>
<noun>শকল</noun>
<noun>শচি</noun>
<noun>শচী</noun>
<adv>শতক</adv>
<noun>শনি</noun>
<noun>শপথ</noun>
<noun>শফর</noun>
<noun>শবর</noun>
<noun>শবল</noun>
<noun>শমন</noun>
<noun>শমি</noun>
<adv>শমী</adv>
<noun>শয়ন</noun>
<noun>শরণ</noun>
<noun>শরদ</noun>
<noun>শরভ</noun>
<noun>শরম</noun>
<noun>শরা</noun>
<noun>শলভ</noun>
<noun>শলা</noun>
<noun>শশক</noun>
<noun>শশী</noun>
<noun>শসন</noun>
<noun>শসা</noun>
<noun>শহর</noun>
<adj>শাঁ</adj>
<noun>শাক</noun>
<noun>শাট</noun>
<noun>শাণ</noun>
<verb>শান</verb>
<verb>শান</verb>
<noun>শাপ</noun>
<noun>শাব</noun>
<noun>শাল</noun>
<verb>শাস</verb>
<verb>শাস</verb>
<noun>শাহ</noun>
<noun>শিং</noun>
<noun>শিক</noun>
<verb>শিখ</verb>
<noun>শিঙ</noun>
<noun>শিব</noun>
<noun>শিম</noun>
<noun>শির</noun>
<noun>শিল</noun>
<noun>শিষ</noun>
<noun>শিস</noun>
<noun>শিস</noun>
<adv>শীত</adv>
<noun>শীল</noun>
<noun>শীষ</noun>
<verb>শুই</verb>
<verb>শুক</verb>
<verb>শুত</verb>
<verb>শুধ</verb>
<verb>শুন</verb>
<adv>শুভ</adv>
<verb>শুল</verb>
<verb>শুষ</verb>
<verb>শুস</verb>
<noun>শূক</noun>
<adv>শূর</adv>
<noun>শূল</noun>
<verb>শেখ</verb>
<verb>শেখ</verb>
<noun>শেজ</noun>
<noun>শেঠ</noun>
<noun>শের</noun>
<noun>শেল</noun>
<adv>শেষ</adv>
<adv>শৈব</adv>
<adv>শৈল</adv>
<adj>শোঁ</adj>
<verb>শোও</verb>
<noun>শোক</noun>
<adv>শোণ</adv>
<noun>শোথ</noun>
<verb>শোধ</verb>
<verb>শোধ</verb>
<verb>শোন</verb>
<verb>শোন</verb>
<verb>শোব</verb>
<verb>শোয়</verb>
<noun>শোর</noun>
<noun>শোল</noun>
<verb>শোষ</verb>
<verb>শোষ</verb>
<noun>শৌচ</noun>
<noun>শৌল</noun>
<adj>শ্ব</adj>
<noun>ষটক</noun>
<adj>ষাট</adj>
<adj>ষাঠ</adj>
<adv>ষোল</adv>
<verb>সয়ে</verb>
<verb>সয়ো</verb>
<verb>সঁপ</verb>
<verb>সঁপ</verb>
<noun>সংঘ</noun>
<verb>সইও</verb>
<verb>সইছ</verb>
<verb>সইত</verb>
<verb>সইব</verb>
<verb>সইল</verb>
<noun>সইস</noun>
<adv>সকল</adv>
<noun>সখা</noun>
<noun>সখী</noun>
<adv>সঘন</adv>
<noun>সঘর</noun>
<adv>সচল</adv>
<adv>সজল</adv>
<noun>সড়ক</noun>
<adv>সতত</adv>
<adv>সতর</adv>
<adv>সতী</adv>
<noun>সদন</noun>
<adv>সদয়</adv>
<adv>সদর</adv>
<adj>সদা</adj>
<noun>সনদ</noun>
<noun>সফর</noun>
<adv>সফল</adv>
<adv>সবল</adv>
<verb>সবি</verb>
<verb>সবে</verb>
<verb>সবো</verb>
<adv>সভয়</adv>
<noun>সভা</noun>
<noun>সমজ</noun>
<noun>সমঝ</noun>
<noun>সমন</noun>
<noun>সময়</noun>
<noun>সমর</noun>
<verb>সয়ে</verb>
<verb>সয়ো</verb>
<noun>সরঃ</noun>
<verb>সরছ</verb>
<verb>সরত</verb>
<verb>সরব</verb>
<noun>সরম</noun>
<verb>সরল</verb>
<adv>সরস</adv>
<verb>সরা</verb>
<verb>সরি</verb>
<adv>সরু</adv>
<verb>সরে</verb>
<verb>সরো</verb>
<noun>সলা</noun>
<adv>সহজ</adv>
<noun>সহন</noun>
<noun>সহর</noun>
<verb>সহা</verb>
<verb>সহি</verb>
<verb>সহে</verb>
<adj>সাঁ</adj>
<verb>সাজ</verb>
<verb>সাজ</verb>
<noun>সাট</noun>
<noun>সাড়</noun>
<adv>সাত</adv>
<adj>সাথ</adj>
<verb>সাধ</verb>
<verb>সাধ</verb>
<noun>সাপ</noun>
<noun>সাফ</noun>
<noun>সাম</noun>
<noun>সায়</noun>
<verb>সার</verb>
<verb>সার</verb>
<noun>সাল</noun>
<noun>সিক</noun>
<noun>সিট</noun>
<adv>সিত</adv>
<noun>সিন</noun>
<noun>সিম</noun>
<noun>সীট</noun>
<noun>সীন</noun>
<noun>সীল</noun>
<noun>সীস</noun>
<noun>সুই</noun>
<adv>সুখ</adv>
<noun>সুচ</noun>
<noun>সুট</noun>
<noun>সুত</noun>
<noun>সুদ</noun>
<noun>সুপ</noun>
<noun>সুর</noun>
<noun>সূচ</noun>
<adv>সূত</adv>
<noun>সূপ</noun>
<noun>সূর</noun>
<adj>সেই</adj>
<verb>সেক</verb>
<verb>সেক</verb>
<verb>সেচ</verb>
<verb>সেচ</verb>
<adv>সেজ</adv>
<noun>সেট</noun>
<noun>সের</noun>
<adj>সোঁ</adj>
<noun>সোম</noun>
<noun>সোর</noun>
<noun>সৌধ</noun>
<adv>সৌর</adv>
<pron>স্ব</pron>
<verb>হতে</verb>
<verb>হয়ে</verb>
<verb>হয়ো</verb>
<verb>হলে</verb>
<noun>হংস</noun>
<verb>হইও</verb>
<verb>হইত</verb>
<verb>হইব</verb>
<verb>হইল</verb>
<verb>হইস</verb>
<verb>হউক</verb>
<verb>হউন</verb>
<verb>হয়</verb>
<noun>হকি</noun>
<noun>হজম</noun>
<verb>হটছ</verb>
<verb>হটত</verb>
<verb>হটব</verb>
<verb>হটল</verb>
<verb>হটা</verb>
<verb>হটি</verb>
<verb>হটে</verb>
<verb>হটো</verb>
<verb>হঠা</verb>
<verb>হতে</verb>
<noun>হনন</noun>
<noun>হনু</noun>
<noun>হনূ</noun>
<noun>হবন</noun>
<verb>হবি</verb>
<adv>হবু</adv>
<verb>হবে</verb>
<verb>হবো</verb>
<adv>হয়ত</adv>
<noun>হয়ী</noun>
<verb>হয়ে</verb>
<verb>হয়ো</verb>
<verb>হরছ</verb>
<noun>হরণ</noun>
<verb>হরত</verb>
<noun>হরপ</noun>
<noun>হরফ</noun>
<verb>হরব</verb>
<verb>হরল</verb>
<verb>হরা</verb>
<verb>হরি</verb>
<verb>হরে</verb>
<verb>হরো</verb>
<noun>হলপ</noun>
<noun>হলফ</noun>
<verb>হলি</verb>
<verb>হলে</verb>
<adj>হাঁ</adj>
<noun>হাই</noun>
<verb>হাজ</verb>
<verb>হাজ</verb>
<noun>হাট</noun>
<noun>হাড়</noun>
<noun>হাত</noun>
<verb>হান</verb>
<verb>হান</verb>
<adv>হাফ</adv>
<noun>হাব</noun>
<pron>হাম</pron>
<adj>হায়</adj>
<verb>হার</verb>
<verb>হার</verb>
<noun>হাল</noun>
<verb>হাস</verb>
<verb>হাস</verb>
<adj>হিং</adj>
<adj>হিঙ</adj>
<adv>হিত</adv>
<adv>হিম</adv>
<adv>হীন</adv>
<adj>হুঁ</adj>
<noun>হুক</noun>
<adj>হুট</adj>
<noun>হুড়</noun>
<adv>হুত</adv>
<adj>হুপ</adj>
<noun>হুল</noun>
<noun>হুশ</noun>
<adj>হুস</adj>
<adj>হুস</adj>
<noun>হূণ</noun>
<adv>হূত</adv>
<noun>হূন</noun>
<adv>হৃত</adv>
<noun>হৃত</noun>
<adv>হেড</adv>
<adv>হেন</adv>
<noun>হেম</noun>
<adv>হেয়</adv>
<verb>হেল</verb>
<verb>হেল</verb>
<adv>হৈম</adv>
<noun>হোড়</noun>
<noun>হোম</noun>
</items>
</data>